bench_id,workflow,task,sem_tags,task_pass_count,selection_score,query
tonight_hard_line_267,"Execution, Monitoring, Reporting, and Operations",Month-end close / financial reporting support,DB4;DB7;DB9;EG1;EG2;EG5;QV2,6,17.865,"Draft a late adjustment approval memo for Summit Media October 2026. Use only the provided documents and cite visible material labels. State the JE amount, account impact, reason, approvals obtained and missing, test the request against the LA-1 post-distribution threshold, and decide whether package reissue is permitted without saying it has been reissued. Produce the late adjustment approval memo under an audit-ready compliance escalation posture: connect each final action to the active evidence and the governing rule, policy, task standard, or active-case trigger; keep active source labels beside the material facts, figures, thresholds, missing-evidence triggers, and decision points where they are used; for any calculation or reconciliation, show the source inputs, formula or comparison, result, and business implication; preserve exact source figures, dates, thresholds, names, and rule references when they control the decision; name any required approver, authority evidence, authorization, or review prerequisite that controls the outcome. Open the late adjustment approval memo with a Markdown bold title on the first non-empty line. Near the end, include the exact handoff label Next action:; if the packet supports no next action, write Next action: none supported by the packet. Structure the late adjustment approval memo with at least three level-2 Markdown headings that start with ##. Treat the layout as part of the requested finance work product, but do not omit required evidence, calculations, boundaries, or decisions just to satisfy presentation."
tonight_hard_line_150,Intake and Profiling,Counterparty / issuer profile construction,DB4;DB6;DB9;EG1;EG2;EG5;QV2,4,17.852,"Assemble a payment processor counterparty profile for Quayline Payments Inc. from the supplied context only. Use bullet groups for Merchant Mix, Operating Footprint, Risk Metrics, Control and Ownership, Screening, and Intake Completeness. Compare the chargeback rate to the 1.00% concern threshold, identify any missing data-security evidence, cite visible material labels for concerns, classify the intake as complete, incomplete, or concern-triggered, and do not approve payment processing exposure. Produce the payment processor counterparty profile under an audit-ready diligence challenge posture: connect each final action to the active evidence and the governing rule, policy, task standard, or active-case trigger; keep active source labels beside the material facts, figures, thresholds, missing-evidence triggers, and decision points where they are used; for any calculation or reconciliation, show the source inputs, formula or comparison, result, and business implication; preserve exact source figures, dates, thresholds, names, and rule references when they control the decision; use only packet-supported category, status, classification, or risk-level labels; write every percentage value, including percent or percentage-point values, with exactly two decimal places. Open the payment processor counterparty profile with a Markdown bold title on the first non-empty line. Near the end, include the exact handoff label Next action:; if the packet supports no next action, write Next action: none supported by the packet. Keep the payment processor counterparty profile to between four and nine non-empty paragraphs, counting any table or list as part of the paragraph where it appears. Treat the layout as part of the requested finance work product, but do not omit required evidence, calculations, boundaries, or decisions just to satisfy presentation."
tonight_hard_line_092,Intake and Profiling,Missing information checklist,DB4;DB6;DB9;EG1;EG2;EG5;QV2,3,16.852,"Send an internal use-of-proceeds evidence request for Canyon Dental Lab LLC. Use only the provided context. Reconcile each requested use category to evidence received, identify unsupported amounts, classify unsupported items under the loan intake policy, cite visible material labels, assign an owner for each cure, and do not make an underwriting recommendation. Produce the use-of-proceeds evidence request under an audit-ready reconciliation posture: connect each final action to the active evidence and the governing rule, policy, task standard, or active-case trigger; keep active source labels beside the material facts, figures, thresholds, missing-evidence triggers, and decision points where they are used; for any calculation or reconciliation, show the source inputs, formula or comparison, result, and business implication; preserve exact source figures, dates, thresholds, names, and rule references when they control the decision; use only packet-supported category, status, classification, or risk-level labels; write every percentage value, including percent or percentage-point values, with exactly two decimal places. Open the use-of-proceeds evidence request with a Markdown bold title on the first non-empty line. Near the end, include the exact handoff label Next action:; if the packet supports no next action, write Next action: none supported by the packet. Structure the use-of-proceeds evidence request with at least three level-2 Markdown headings that start with ##. Treat the layout as part of the requested finance work product, but do not omit required evidence, calculations, boundaries, or decisions just to satisfy presentation."
tonight_hard_line_072,Risk and Compliance Review,Internal control review,DB4;DB9;EG1;EG2;EG5;FP1;QV2,5,16.647,"Write a journal-entry approval control memo for JE-5197. Separate approval failure from documentation failure under different headings. Use only the context documents, cite the policy threshold and close-binder evidence, determine whether independent approval occurred, identify missing records, and apply the issue rating guide without combining the two deficiencies into one finding. Produce the journal-entry approval control memo under an audit-ready adversarial audit posture: connect each final action to the active evidence and the governing rule, policy, task standard, or active-case trigger; keep active source labels beside the material facts, figures, thresholds, missing-evidence triggers, and decision points where they are used; for any calculation or reconciliation, show the source inputs, formula or comparison, result, and business implication; preserve exact source figures, dates, thresholds, names, and rule references when they control the decision; identify any active breach, exception, waiver need, deficiency, unresolved inconsistency, control gap, or non-compliance indicator rather than treating the workflow as cleared; write every percentage value, including percent or percentage-point values, with exactly two decimal places. Open the journal-entry approval control memo with a Markdown bold title on the first non-empty line. Near the end, include the exact handoff label Next action:; if the packet supports no next action, write Next action: none supported by the packet. Structure the journal-entry approval control memo with at least three level-2 Markdown headings that start with ##. Treat the layout as part of the requested finance work product, but do not omit required evidence, calculations, boundaries, or decisions just to satisfy presentation."
tonight_hard_line_047,Risk and Compliance Review,Stress testing,DB4;DB9;EG1;EG2;EG3;EG5;QV1;QV2,5,16.586,"Prepare a client liquidity stress note for STR-915. Calculate stressed margin requirement by account sleeve, subtract only eligible liquid resources of $5,600,000, show any liquidity shortfall, compare the shortfall with the $1,200,000 same-day escalation threshold, and state next steps without promising that the broker will waive margin. Produce the margin-call liquidity stress under an audit-ready operations handoff posture: connect each final action to the active evidence and the governing rule, policy, task standard, or active-case trigger; keep active source labels beside the material facts, figures, thresholds, missing-evidence triggers, and decision points where they are used; for any calculation or reconciliation, show the source inputs, formula or comparison, result, and business implication; separate source-stated facts from reviewer inferences, assumptions, customer statements, or management assertions; preserve exact source figures, dates, thresholds, names, and rule references when they control the decision; write every percentage value, including percent or percentage-point values, with exactly two decimal places. Open the margin-call liquidity stress with a Markdown bold title on the first non-empty line. Near the end, include the exact handoff label Next action:; if the packet supports no next action, write Next action: none supported by the packet. Structure the margin-call liquidity stress with at least three level-2 Markdown headings that start with ##. Treat the layout as part of the requested finance work product, but do not omit required evidence, calculations, boundaries, or decisions just to satisfy presentation."
tonight_hard_line_088,"Execution, Monitoring, Reporting, and Operations",Post-investment / post-loan review,DB4;DB9;EG1;EG2;EG5;QV2,4,15.897,"Prepare a post-investment liquidity runway review for OrbitMed Devices. Calculate months of runway, compare it with the 9-month requirement and the 2027-02-15 milestone timing, state whether bridge financing evidence is documented, and do not assume new financing. Use only the provided documents and cite the visible material labels for material facts. Produce the post-investment liquidity runway review under an audit-ready adversarial audit posture: connect each final action to the active evidence and the governing rule, policy, task standard, or active-case trigger; keep active source labels beside the material facts, figures, thresholds, missing-evidence triggers, and decision points where they are used; for any calculation or reconciliation, show the source inputs, formula or comparison, result, and business implication; preserve exact source figures, dates, thresholds, names, and rule references when they control the decision; identify any active breach, exception, waiver need, deficiency, unresolved inconsistency, control gap, or non-compliance indicator rather than treating the workflow as cleared. Open the post-investment liquidity runway review with a Markdown bold title on the first non-empty line. Near the end, include the exact handoff label Next action:; if the packet supports no next action, write Next action: none supported by the packet. Use at least four numbered list items in the 1. / 2. / 3. style for checks, blockers, steps, or required actions. Keep the full response between 220 and 520 words. Treat the layout as part of the requested finance work product, but do not omit required evidence, calculations, boundaries, or decisions just to satisfy presentation."
tonight_hard_line_206,"Execution, Monitoring, Reporting, and Operations",Post-investment / post-loan review,DB4;DB9;EG1;EG2;EG5;QV2,4,15.897,"Write an investment thesis update for LumenGrid Analytics. Separate original thesis points, current evidence, and management explanations; classify ARR, net revenue retention, and pilot conversion as On Track, At Risk, or Broken; calculate the ARR shortfall versus plan; and do not recommend additional capital. Use only the provided documents and cite the visible material labels for material facts. Produce the investment thesis update under an audit-ready diligence challenge posture: connect each final action to the active evidence and the governing rule, policy, task standard, or active-case trigger; keep active source labels beside the material facts, figures, thresholds, missing-evidence triggers, and decision points where they are used; for any calculation or reconciliation, show the source inputs, formula or comparison, result, and business implication; preserve exact source figures, dates, thresholds, names, and rule references when they control the decision; identify any active breach, exception, waiver need, deficiency, unresolved inconsistency, control gap, or non-compliance indicator rather than treating the workflow as cleared; write every percentage value, including percent or percentage-point values, with exactly two decimal places. Open the investment thesis update with a Markdown bold title on the first non-empty line. Near the end, include the exact handoff label Next action:; if the packet supports no next action, write Next action: none supported by the packet. Include one Markdown table for the audit trail whose header contains the columns Evidence, Test, Result, and Action. Keep the full response between 180 and 430 words. Treat the layout as part of the requested finance work product, but do not omit required evidence, calculations, boundaries, or decisions just to satisfy presentation."
tonight_hard_line_262,"Execution, Monitoring, Reporting, and Operations",Post-investment / post-loan review,DB4;DB9;EG1;EG2;EG5;QV2,4,15.897,"Build a post-loan annual review action plan for Willow Creek Specialty Chemicals. Group each item as Covenant, Documentation, or Business Update; test DSCR and leverage against their covenants; assign owner, due date, and Open, Completed, or Escalate status; and make sure the leverage breach is not treated as only a documentation request. Use only the provided documents and cite the visible material labels for material facts. Produce the post-loan annual review action plan under an audit-ready diligence challenge posture: connect each final action to the active evidence and the governing rule, policy, task standard, or active-case trigger; keep active source labels beside the material facts, figures, thresholds, missing-evidence triggers, and decision points where they are used; for any calculation or reconciliation, show the source inputs, formula or comparison, result, and business implication; preserve exact source figures, dates, thresholds, names, and rule references when they control the decision; identify any active breach, exception, waiver need, deficiency, unresolved inconsistency, control gap, or non-compliance indicator rather than treating the workflow as cleared; write every percentage value, including percent or percentage-point values, with exactly two decimal places. Open the post-loan annual review action plan with a Markdown bold title on the first non-empty line. Near the end, include the exact handoff label Next action:; if the packet supports no next action, write Next action: none supported by the packet. Structure the post-loan annual review action plan with at least three level-2 Markdown headings that start with ##. Treat the layout as part of the requested finance work product, but do not omit required evidence, calculations, boundaries, or decisions just to satisfy presentation."
tonight_hard_line_358,"Execution, Monitoring, Reporting, and Operations",Post-investment / post-loan review,DB4;DB9;EG1;EG2;EG5;QV2,4,15.897,"Create a post-close covenant review table for Maple Grove Distribution Inc. with columns Requirement, Deadline, Evidence Status, Test Result, Exception Yes/No, and Next Step. Test availability against the $7.5 million minimum, identify missing evidence after the 45-day deadline, and state whether the package can be marked complete. Use only the provided documents and cite the visible material labels for material facts. Produce the post-close covenant review table under an audit-ready diligence challenge posture: connect each final action to the active evidence and the governing rule, policy, task standard, or active-case trigger; keep active source labels beside the material facts, figures, thresholds, missing-evidence triggers, and decision points where they are used; for any calculation or reconciliation, show the source inputs, formula or comparison, result, and business implication; preserve exact source figures, dates, thresholds, names, and rule references when they control the decision; identify any active breach, exception, waiver need, deficiency, unresolved inconsistency, control gap, or non-compliance indicator rather than treating the workflow as cleared. Open the post-close covenant review table with a Markdown bold title on the first non-empty line. Near the end, include the exact handoff label Next action:; if the packet supports no next action, write Next action: none supported by the packet. Use at least four numbered list items in the 1. / 2. / 3. style for checks, blockers, steps, or required actions. Keep the full response between 220 and 520 words. Treat the layout as part of the requested finance work product, but do not omit required evidence, calculations, boundaries, or decisions just to satisfy presentation."
tonight_hard_line_017,Intake and Profiling,Counterparty / issuer profile construction,DB4;DB6;DB9;EG1;EG2;QV2,4,15.88,"Build a trading counterparty limit intake note for Fenwick Grain Cooperative. Use only the context. Show the requested limit as a percentage of tangible net worth, identify any limit-size exception, and classify the intake action as proceed to Credit Risk review, return for information, or block setup. Include legal identity, instrument type, collateral, agreement status, settlement instructions, current exposure, and screening, with document-id citations for exceptions. Do not approve the requested limit. Produce the trading counterparty limit intake under an audit-ready controller review posture: connect each final action to the active evidence and the governing rule, policy, task standard, or active-case trigger; keep active source labels beside the material facts, figures, thresholds, missing-evidence triggers, and decision points where they are used; for any calculation or reconciliation, show the source inputs, formula or comparison, result, and business implication; identify any active breach, exception, waiver need, deficiency, unresolved inconsistency, control gap, or non-compliance indicator rather than treating the workflow as cleared; use only packet-supported category, status, classification, or risk-level labels; write every percentage value, including percent or percentage-point values, with exactly two decimal places. Open the trading counterparty limit intake with a Markdown bold title on the first non-empty line. Near the end, include the exact handoff label Next action:; if the packet supports no next action, write Next action: none supported by the packet. Structure the trading counterparty limit intake with at least three level-2 Markdown headings that start with ##. Treat the layout as part of the requested finance work product, but do not omit required evidence, calculations, boundaries, or decisions just to satisfy presentation."
tonight_hard_line_103,"Execution, Monitoring, Reporting, and Operations",Month-end close / financial reporting support,DB4;DB7;DB9;EG1;EG2;QV2;QV6,6,15.835,"Draft a lease remeasurement close memo for Orion Warehousing August 2026. Use only the provided documents, cite visible material labels, identify the modification event, compare existing lease liability with revised present value, compute the remeasurement adjustment, verify reviewer approval status, and decide whether the entry can be posted. Produce the lease remeasurement close memo under an audit-ready operations handoff posture: connect each final action to the active evidence and the governing rule, policy, task standard, or active-case trigger; keep active source labels beside the material facts, figures, thresholds, missing-evidence triggers, and decision points where they are used; for any calculation or reconciliation, show the source inputs, formula or comparison, result, and business implication; name any required approver, authority evidence, authorization, or review prerequisite that controls the outcome; for any comparison, ranking, alternative, scenario, or trade-off, state the comparison basis, source inputs, result, and decision implication. Open the lease remeasurement close memo with a Markdown bold title on the first non-empty line. Near the end, include the exact handoff label Next action:; if the packet supports no next action, write Next action: none supported by the packet. Use at least four numbered list items in the 1. / 2. / 3. style for checks, blockers, steps, or required actions. Keep the full response between 220 and 520 words. Treat the layout as part of the requested finance work product, but do not omit required evidence, calculations, boundaries, or decisions just to satisfy presentation."
tonight_hard_line_249,"Execution, Monitoring, Reporting, and Operations",Month-end close / financial reporting support,DB4;DB9;EG1;EG2;EG4;QV2;QV6,6,15.667,"Prepare a disclosure support tie-out note for Orchard Bank Q2 2026. Use only the provided documents, cite visible material labels for each disclosed amount, compare the draft footnote to trial-balance and Treasury support, compute differences for total commitments and unused commitments, identify unresolved mismatches, and decide whether reporting-manager escalation is required. Produce the disclosure support tie-out note under an audit-ready controller review posture: connect each final action to the active evidence and the governing rule, policy, task standard, or active-case trigger; keep active source labels beside the material facts, figures, thresholds, missing-evidence triggers, and decision points where they are used; for any calculation or reconciliation, show the source inputs, formula or comparison, result, and business implication; for any comparison, ranking, alternative, scenario, or trade-off, state the comparison basis, source inputs, result, and decision implication. Open the disclosure support tie-out note with a Markdown bold title on the first non-empty line. Near the end, include the exact handoff label Next action:; if the packet supports no next action, write Next action: none supported by the packet. Include at least two short Markdown blockquote lines beginning with > for source or rule excerpts that anchor the decision. Use at least eight complete sentences in the full response. Treat the layout as part of the requested finance work product, but do not omit required evidence, calculations, boundaries, or decisions just to satisfy presentation."
tonight_hard_line_312,Risk and Compliance Review,Internal control review,DB9;EG1;EG2;EG5;QV2,5,14.92,"Draft a complaint-intake control deficiency memo for CI-612. Use only the context documents. Classify whether the email is a written complaint or oral service issue under the procedure, test one-business-day logging and five-business-day acknowledgement requirements, identify missing Compliance assignment, and name the corrective action owner needed to remediate the intake control. Produce the complaint-intake control deficiency memo under an audit-ready adversarial audit posture: connect each final action to the active evidence and the governing rule, policy, task standard, or active-case trigger; keep active source labels beside the material facts, figures, thresholds, missing-evidence triggers, and decision points where they are used; for any calculation or reconciliation, show the source inputs, formula or comparison, result, and business implication; preserve exact source figures, dates, thresholds, names, and rule references when they control the decision; identify any active breach, exception, waiver need, deficiency, unresolved inconsistency, control gap, or non-compliance indicator rather than treating the workflow as cleared. Open the complaint-intake control deficiency memo with a Markdown bold title on the first non-empty line. Near the end, include the exact handoff label Next action:; if the packet supports no next action, write Next action: none supported by the packet. Structure the complaint-intake control deficiency memo with at least three level-2 Markdown headings that start with ##. Treat the layout as part of the requested finance work product, but do not omit required evidence, calculations, boundaries, or decisions just to satisfy presentation."
tonight_hard_line_308,Risk and Compliance Review,Regulatory issue escalation,DB4;DB9;EG1;EG2;EG5;QV2,3,14.897,"Draft a short-sale compliance escalation brief for ESC-2024. Identify order count, security scope, manual override reason, locate evidence gap, and fail-to-deliver check. cite visible material labels, compare the 83 orders to the escalation threshold, name required recipients, and do not state that the short sales were unlawful. Produce the short-sale compliance escalation brief under an audit-ready reconciliation posture: connect each final action to the active evidence and the governing rule, policy, task standard, or active-case trigger; keep active source labels beside the material facts, figures, thresholds, missing-evidence triggers, and decision points where they are used; for any calculation or reconciliation, show the source inputs, formula or comparison, result, and business implication; preserve exact source figures, dates, thresholds, names, and rule references when they control the decision; identify any active breach, exception, waiver need, deficiency, unresolved inconsistency, control gap, or non-compliance indicator rather than treating the workflow as cleared; write every percentage value, including percent or percentage-point values, with exactly two decimal places. Open the short-sale compliance escalation brief with a Markdown bold title on the first non-empty line. Near the end, include the exact handoff label Next action:; if the packet supports no next action, write Next action: none supported by the packet. Use at least four numbered list items in the 1. / 2. / 3. style for checks, blockers, steps, or required actions. Keep the full response between 220 and 520 words. Treat the layout as part of the requested finance work product, but do not omit required evidence, calculations, boundaries, or decisions just to satisfy presentation."
tonight_hard_line_087,Intake and Profiling,Loan application intake,DB4;DB9;EG1;EG2;EG5;QV2,3,14.897,"Draft a collateral intake completeness note for Canyon Tooling LLC. Use only the provided context, cite visible material labels for each factual point, and separate documented collateral from borrower-stated collateral. Calculate preliminary documented collateral coverage under the policy, flag collateral gaps caused by missing valuation, missing serial numbers, missing UCC search, or prior liens, and end with the evidence needed before credit review. Do not assign a final collateral value or approve credit. Produce the collateral intake completeness note under an audit-ready operations handoff posture: connect each final action to the active evidence and the governing rule, policy, task standard, or active-case trigger; keep active source labels beside the material facts, figures, thresholds, missing-evidence triggers, and decision points where they are used; for any calculation or reconciliation, show the source inputs, formula or comparison, result, and business implication; preserve exact source figures, dates, thresholds, names, and rule references when they control the decision; identify any active breach, exception, waiver need, deficiency, unresolved inconsistency, control gap, or non-compliance indicator rather than treating the workflow as cleared; write every percentage value, including percent or percentage-point values, with exactly two decimal places. Open the collateral intake completeness note with a Markdown bold title on the first non-empty line. Near the end, include the exact handoff label Next action:; if the packet supports no next action, write Next action: none supported by the packet. Structure the collateral intake completeness note with at least three level-2 Markdown headings that start with ##. Treat the layout as part of the requested finance work product, but do not omit required evidence, calculations, boundaries, or decisions just to satisfy presentation."
tonight_hard_line_330,Intake and Profiling,Loan application intake,DB4;DB9;EG1;EG2;EG5;QV2,3,14.897,"Prepare a commercial real estate intake package gap list for Ironwood Flats LLC. Use only the provided context and cite visible material labels. Separate borrower-identity items from property/collateral items, identify CRE-specific missing or stale documents, and state the corrected project-address requirement. Do not provide a property valuation conclusion or credit approval. Produce the commercial real estate intake package gap list under an audit-ready credit committee posture: connect each final action to the active evidence and the governing rule, policy, task standard, or active-case trigger; keep active source labels beside the material facts, figures, thresholds, missing-evidence triggers, and decision points where they are used; for any calculation or reconciliation, show the source inputs, formula or comparison, result, and business implication; preserve exact source figures, dates, thresholds, names, and rule references when they control the decision; identify any active breach, exception, waiver need, deficiency, unresolved inconsistency, control gap, or non-compliance indicator rather than treating the workflow as cleared; write every percentage value, including percent or percentage-point values, with exactly two decimal places. Open the commercial real estate intake package gap list with a Markdown bold title on the first non-empty line. Near the end, include the exact handoff label Next action:; if the packet supports no next action, write Next action: none supported by the packet. Keep the commercial real estate intake package gap list to between four and nine non-empty paragraphs, counting any table or list as part of the paragraph where it appears. Treat the layout as part of the requested finance work product, but do not omit required evidence, calculations, boundaries, or decisions just to satisfy presentation."
tonight_hard_line_275,Risk and Compliance Review,Regulatory issue escalation,DB4;DB9;EG1;EG2;EG5;QV2,3,14.897,"Assemble a vendor-risk escalation packet for ESC-2021. Score each trigger as Met, Not met, or Unknown; cite visible material labels; compare notice delay and service outage to the 24-hour thresholds; identify required recipients; list missing forensic and notice-analysis facts; and do not state that data exfiltration occurred. Produce the vendor-risk escalation packet under an audit-ready compliance escalation posture: connect each final action to the active evidence and the governing rule, policy, task standard, or active-case trigger; keep active source labels beside the material facts, figures, thresholds, missing-evidence triggers, and decision points where they are used; for any calculation or reconciliation, show the source inputs, formula or comparison, result, and business implication; preserve exact source figures, dates, thresholds, names, and rule references when they control the decision; identify any active breach, exception, waiver need, deficiency, unresolved inconsistency, control gap, or non-compliance indicator rather than treating the workflow as cleared; write every percentage value, including percent or percentage-point values, with exactly two decimal places. Open the vendor-risk escalation packet with a Markdown bold title on the first non-empty line. Near the end, include the exact handoff label Next action:; if the packet supports no next action, write Next action: none supported by the packet. Keep the vendor-risk escalation packet to between four and nine non-empty paragraphs, counting any table or list as part of the paragraph where it appears. Treat the layout as part of the requested finance work product, but do not omit required evidence, calculations, boundaries, or decisions just to satisfy presentation."
tonight_hard_line_289,Risk and Compliance Review,Covenant check,DB4;DB9;EG1;EG2;EG5;QV2,3,14.897,"Assess whether the Horizon Biofuels cross-default trigger is met. Organize the answer as Amount Test, Default Status, Acceleration Right, Open Evidence, and Escalation Recommendation. Use only the provided materials, compare the other debt amount with the $2.0 million threshold, identify what is confirmed versus still unverified, and do not state that acceleration has occurred unless the documents say so. Produce the cross-default trigger assessment under an audit-ready controller review posture: connect each final action to the active evidence and the governing rule, policy, task standard, or active-case trigger; keep active source labels beside the material facts, figures, thresholds, missing-evidence triggers, and decision points where they are used; for any calculation or reconciliation, show the source inputs, formula or comparison, result, and business implication; preserve exact source figures, dates, thresholds, names, and rule references when they control the decision; identify any active breach, exception, waiver need, deficiency, unresolved inconsistency, control gap, or non-compliance indicator rather than treating the workflow as cleared; write every percentage value, including percent or percentage-point values, with exactly two decimal places. Open the cross-default trigger assessment with a Markdown bold title on the first non-empty line. Near the end, include the exact handoff label Next action:; if the packet supports no next action, write Next action: none supported by the packet. Include at least two short Markdown blockquote lines beginning with > for source or rule excerpts that anchor the decision. Use at least eight complete sentences in the full response. Treat the layout as part of the requested finance work product, but do not omit required evidence, calculations, boundaries, or decisions just to satisfy presentation."
tonight_hard_line_009,Research and Due Diligence,Financial statement analysis,DB4;DB6;DB9;EG1;EG2;QV2,3,14.88,"Build a covenant waiver evidence checklist for Granite Solar. Use rows for each covenant and separate rows for missing waiver evidence. Use only the documents, cite visible material labels, calculate net leverage and interest coverage, mark each covenant as Pass, Breach, or Cannot determine, list the missing consent/payment schedule/CFO certification evidence, and do not state that a waiver is granted. Produce the covenant waiver evidence checklist under an audit-ready controller review posture: connect each final action to the active evidence and the governing rule, policy, task standard, or active-case trigger; keep active source labels beside the material facts, figures, thresholds, missing-evidence triggers, and decision points where they are used; for any calculation or reconciliation, show the source inputs, formula or comparison, result, and business implication; identify any active breach, exception, waiver need, deficiency, unresolved inconsistency, control gap, or non-compliance indicator rather than treating the workflow as cleared; write every percentage value, including percent or percentage-point values, with exactly two decimal places. Open the covenant waiver evidence checklist with a Markdown bold title on the first non-empty line. Near the end, include the exact handoff label Next action:; if the packet supports no next action, write Next action: none supported by the packet. Include at least two short Markdown blockquote lines beginning with > for source or rule excerpts that anchor the decision. Use at least eight complete sentences in the full response. Treat the layout as part of the requested finance work product, but do not omit required evidence, calculations, boundaries, or decisions just to satisfy presentation."
tonight_hard_line_137,Research and Due Diligence,Financial statement analysis,DB4;DB6;DB9;EG1;EG2;QV2,3,14.88,"Prepare a products/services mix benchmark for Nimbus Mobile using Apple as the comparable. Use one table and three bullets. Use only the context, cite visible material labels, calculate services revenue share and category gross margins for both companies, compute Nimbus Mobile services-share gap versus Apple, flag whether the mix-gap rule is triggered, and do not present Apple as the company being analyzed. Produce the products/services mix benchmark under an audit-ready controller review posture: connect each final action to the active evidence and the governing rule, policy, task standard, or active-case trigger; keep active source labels beside the material facts, figures, thresholds, missing-evidence triggers, and decision points where they are used; for any calculation or reconciliation, show the source inputs, formula or comparison, result, and business implication; identify any active breach, exception, waiver need, deficiency, unresolved inconsistency, control gap, or non-compliance indicator rather than treating the workflow as cleared; use only packet-supported category, status, classification, or risk-level labels; write every percentage value, including percent or percentage-point values, with exactly two decimal places. Open the products/services mix benchmark with a Markdown bold title on the first non-empty line. Near the end, include the exact handoff label Next action:; if the packet supports no next action, write Next action: none supported by the packet. Structure the products/services mix benchmark with at least three level-2 Markdown headings that start with ##. Treat the layout as part of the requested finance work product, but do not omit required evidence, calculations, boundaries, or decisions just to satisfy presentation."
tonight_hard_line_083,Research and Due Diligence,Background screening,DB6;DB9;EG1;EG2;EG5;QV2,3,14.875,"Draft an adverse media triage note for Riverton Solar Storage. Classify each media item as High, Medium, Low, or Insufficient-source, count the items in each class, cite visible material labels beside each item, and end with whether Compliance escalation is needed now or only after follow-up evidence. Keep allegations separate from confirmed facts. Produce the adverse media triage note under an audit-ready compliance escalation posture: connect each final action to the active evidence and the governing rule, policy, task standard, or active-case trigger; keep active source labels beside the material facts, figures, thresholds, missing-evidence triggers, and decision points where they are used; for any calculation or reconciliation, show the source inputs, formula or comparison, result, and business implication; preserve exact source figures, dates, thresholds, names, and rule references when they control the decision; use only packet-supported category, status, classification, or risk-level labels. Open the adverse media triage note with a Markdown bold title on the first non-empty line. Near the end, include the exact handoff label Next action:; if the packet supports no next action, write Next action: none supported by the packet. Use at least four numbered list items in the 1. / 2. / 3. style for checks, blockers, steps, or required actions. Keep the full response between 220 and 520 words. Treat the layout as part of the requested finance work product, but do not omit required evidence, calculations, boundaries, or decisions just to satisfy presentation."
tonight_hard_line_146,Research and Due Diligence,Industry and market research,DB6;DB9;EG1;EG2;EG5;QV2,3,14.875,"Assemble a pricing pressure note for LakeAxis. Calculate the 2023-to-2025E list-price decline and the average 2025E discount, apply the the material labeled owner field note high/moderate/low pressure rule, connect the finding to the usage-based revenue mix, cite visible material labels, and explicitly say whether gross margin impact is unavailable. Produce the pricing pressure note under an audit-ready credit committee posture: connect each final action to the active evidence and the governing rule, policy, task standard, or active-case trigger; keep active source labels beside the material facts, figures, thresholds, missing-evidence triggers, and decision points where they are used; for any calculation or reconciliation, show the source inputs, formula or comparison, result, and business implication; preserve exact source figures, dates, thresholds, names, and rule references when they control the decision; use only packet-supported category, status, classification, or risk-level labels; write every percentage value, including percent or percentage-point values, with exactly two decimal places. Open the pricing pressure note with a Markdown bold title on the first non-empty line. Near the end, include the exact handoff label Next action:; if the packet supports no next action, write Next action: none supported by the packet. Include one Markdown table for the audit trail whose header contains the columns Evidence, Test, Result, and Action. Keep the full response between 180 and 430 words. Treat the layout as part of the requested finance work product, but do not omit required evidence, calculations, boundaries, or decisions just to satisfy presentation."
tonight_hard_line_067,"Execution, Monitoring, Reporting, and Operations",Reconciliation,DB4;DB7;DB9;EG1;EG2;EG5;QV2,3,14.865,"Build a cash ledger break table for Oakline Treasury Sweep. Start from the bank statement and internal cash ledger balances, subtract only the documented deposit in transit, compute the adjusted cash variance, apply the $100 open-break threshold, assign the owner, include an aging bucket, and list the records that must remain traceable. Use only the provided materials and do not mark the item reconciled if the adjusted break remains above threshold. Produce the cash ledger break table under an audit-ready compliance escalation posture: connect each final action to the active evidence and the governing rule, policy, task standard, or active-case trigger; keep active source labels beside the material facts, figures, thresholds, missing-evidence triggers, and decision points where they are used; for any calculation or reconciliation, show the source inputs, formula or comparison, result, and business implication; preserve exact source figures, dates, thresholds, names, and rule references when they control the decision; name any required approver, authority evidence, authorization, or review prerequisite that controls the outcome; write every percentage value, including percent or percentage-point values, with exactly two decimal places. Open the cash ledger break table with a Markdown bold title on the first non-empty line. Near the end, include the exact handoff label Next action:; if the packet supports no next action, write Next action: none supported by the packet. Structure the cash ledger break table with at least three level-2 Markdown headings that start with ##. Treat the layout as part of the requested finance work product, but do not omit required evidence, calculations, boundaries, or decisions just to satisfy presentation."
tonight_hard_line_157,Intake and Profiling,Missing information checklist,DB4;DB9;EG1;EG2;EG5;FP3;QV2,3,14.697,"Write an authorization gap notice for the Willow Hart joint advisory file. Use only the provided context. Format the notice as exactly four bullets: Missing authorization, Evidence conflict, Client follow-up, and Internal hold. Explain which signatures or authority evidence are absent, cite visible material labels, identify blocker versus non-blocker items, and avoid recommending any investment action while the authority gap remains. Produce the authorization gap notice under an audit-ready disclosure-review posture: connect each final action to the active evidence and the governing rule, policy, task standard, or active-case trigger; keep active source labels beside the material facts, figures, thresholds, missing-evidence triggers, and decision points where they are used; for any calculation or reconciliation, show the source inputs, formula or comparison, result, and business implication; preserve exact source figures, dates, thresholds, names, and rule references when they control the decision; identify any active breach, exception, waiver need, deficiency, unresolved inconsistency, control gap, or non-compliance indicator rather than treating the workflow as cleared; write every percentage value, including percent or percentage-point values, with exactly two decimal places. Open the authorization gap notice with a Markdown bold title on the first non-empty line. Near the end, include the exact handoff label Next action:; if the packet supports no next action, write Next action: none supported by the packet. Structure the authorization gap notice with at least three level-2 Markdown headings that start with ##. Treat the layout as part of the requested finance work product, but do not omit required evidence, calculations, boundaries, or decisions just to satisfy presentation."
tonight_hard_line_124,Risk and Compliance Review,Regulatory issue escalation,DB4;DB9;EG1;EG2;EG5;FP1;QV2,3,14.647,"Prepare an exam-finding escalation response outline for ESC-2016 with headings Finding summary, Client impact, Validation plan, Response deadline, Owner, and Open issues. cite visible material labels, decide whether CCO, CFO, and Legal escalation is required, preserve the June 15 2026 response deadline, identify validation gaps, and do not promise a final restitution amount. Produce the exam-finding escalation response outline under an audit-ready reconciliation posture: connect each final action to the active evidence and the governing rule, policy, task standard, or active-case trigger; keep active source labels beside the material facts, figures, thresholds, missing-evidence triggers, and decision points where they are used; for any calculation or reconciliation, show the source inputs, formula or comparison, result, and business implication; preserve exact source figures, dates, thresholds, names, and rule references when they control the decision; identify any active breach, exception, waiver need, deficiency, unresolved inconsistency, control gap, or non-compliance indicator rather than treating the workflow as cleared. Open the exam-finding escalation response outline with a Markdown bold title on the first non-empty line. Near the end, include the exact handoff label Next action:; if the packet supports no next action, write Next action: none supported by the packet. Include at least two short Markdown blockquote lines beginning with > for source or rule excerpts that anchor the decision. Use at least eight complete sentences in the full response. Treat the layout as part of the requested finance work product, but do not omit required evidence, calculations, boundaries, or decisions just to satisfy presentation."
tonight_hard_line_074,Risk and Compliance Review,Stress testing,DB9;EG1;EG2;EG3;EG5;QV1;QV2,5,14.609,"Build a CSA exposure stress table. Recalculate unsecured stressed exposure for each counterparty after the downgrade resets the CSA threshold to zero, subtract only eligible collateral listed in the context, flag counterparties above the $5,000,000 unsecured exposure limit, and specify whether credit officer approval is needed. Produce the CSA threshold exposure stress under an audit-ready credit committee posture: connect each final action to the active evidence and the governing rule, policy, task standard, or active-case trigger; keep active source labels beside the material facts, figures, thresholds, missing-evidence triggers, and decision points where they are used; for any calculation or reconciliation, show the source inputs, formula or comparison, result, and business implication; separate source-stated facts from reviewer inferences, assumptions, customer statements, or management assertions; preserve exact source figures, dates, thresholds, names, and rule references when they control the decision. Open the CSA threshold exposure stress with a Markdown bold title on the first non-empty line. Near the end, include the exact handoff label Next action:; if the packet supports no next action, write Next action: none supported by the packet. Include at least two short Markdown blockquote lines beginning with > for source or rule excerpts that anchor the decision. Use at least eight complete sentences in the full response. Treat the layout as part of the requested finance work product, but do not omit required evidence, calculations, boundaries, or decisions just to satisfy presentation."
tonight_hard_line_032,Risk and Compliance Review,Stress testing,DB9;EG1;EG2;EG3;EG5;FP2;FP3;QV1;QV2,5,14.243,"Prepare a consumer loan recession-loss estimate. For each segment, multiply exposure at default by stressed PD and stressed LGD, then total the expected stress loss. Compare the total with the $4,700,000 quarterly provision buffer, identify the segment contributing the largest loss, and keep the conclusion to one paragraph after the table. Produce the consumer loan recession-loss estimate under an audit-ready adversarial audit posture: connect each final action to the active evidence and the governing rule, policy, task standard, or active-case trigger; keep active source labels beside the material facts, figures, thresholds, missing-evidence triggers, and decision points where they are used; for any calculation or reconciliation, show the source inputs, formula or comparison, result, and business implication; separate source-stated facts from reviewer inferences, assumptions, customer statements, or management assertions; preserve exact source figures, dates, thresholds, names, and rule references when they control the decision; write every percentage value, including percent or percentage-point values, with exactly two decimal places. Open the consumer loan recession-loss estimate with a Markdown bold title on the first non-empty line. Near the end, include the exact handoff label Next action:; if the packet supports no next action, write Next action: none supported by the packet. Structure the consumer loan recession-loss estimate with at least three level-2 Markdown headings that start with ##. Treat the layout as part of the requested finance work product, but do not omit required evidence, calculations, boundaries, or decisions just to satisfy presentation."
tonight_hard_line_085,Intake and Profiling,Service scope explanation,DB4;DB5;DB6;DB7;DB9;EG1;EG2;EG3;FP1;QV2,3,14.154,"Write a service limitation explanation for Northstar Family Office about the trust-account intake question. Use only the context. In two short paragraphs followed by a bullet list, distinguish what intake staff can check from what they cannot decide. Mention the signed W-9 and trust authority items still needed. Avoid tax or legal advice and avoid saying the unsigned W-9 is acceptable. Produce the service limitation explanation under an audit-ready disclosure-review posture: connect each final action to the active evidence and the governing rule, policy, task standard, or active-case trigger; keep active source labels beside the material facts, figures, thresholds, missing-evidence triggers, and decision points where they are used; for any calculation or reconciliation, show the source inputs, formula or comparison, result, and business implication; use only packet-supported category, status, classification, or risk-level labels; name any required approver, authority evidence, authorization, or review prerequisite that controls the outcome; write every percentage value, including percent or percentage-point values, with exactly two decimal places. Open the service limitation explanation with a Markdown bold title on the first non-empty line. Near the end, include the exact handoff label Next action:; if the packet supports no next action, write Next action: none supported by the packet. Keep the service limitation explanation to between four and nine non-empty paragraphs, counting any table or list as part of the paragraph where it appears. Treat the layout as part of the requested finance work product, but do not omit required evidence, calculations, boundaries, or decisions just to satisfy presentation."
tonight_hard_line_357,"Execution, Monitoring, Reporting, and Operations",Risk alert generation,DB4;DB9;EG1;EG2;QV2,4,13.926,"Draft a rating downgrade alert for Northvale Health Systems. Use only the supplied documents, cite the downgrade and exposure facts, verify whether both the below-investment-grade and 1.5% NAV triggers are met, identify the split-rating status, do not imply Agency B downgraded the issuer, name the analyst, and include the required watch-list and credit committee timing. Produce the rating downgrade alert under an audit-ready disclosure-review posture: connect each final action to the active evidence and the governing rule, policy, task standard, or active-case trigger; keep active source labels beside the material facts, figures, thresholds, missing-evidence triggers, and decision points where they are used; for any calculation or reconciliation, show the source inputs, formula or comparison, result, and business implication; write every percentage value, including percent or percentage-point values, with exactly two decimal places. Open the rating downgrade alert with a Markdown bold title on the first non-empty line. Near the end, include the exact handoff label Next action:; if the packet supports no next action, write Next action: none supported by the packet. Structure the rating downgrade alert with at least three level-2 Markdown headings that start with ##. Treat the layout as part of the requested finance work product, but do not omit required evidence, calculations, boundaries, or decisions just to satisfy presentation."
tonight_hard_line_110,Decision and Structuring,Portfolio proposal,DB4;DB9;EG1;EG2;EG5;QV2,2,13.897,"Prepare a municipal bond allocation proposal for Sage Taxable Portfolio. Present the output as current and pro forma exposure table. Use only the provided documents and cite the visible material labels for material facts. The proposal must calculate pro forma in-state municipal exposure; verify whether the A rating meets policy; recommend proceed, resize, or decline; and avoid giving tax advice beyond portfolio context. Address the client objective, current portfolio facts, and policy constraints supplied in the context. Produce the municipal bond allocation proposal under an audit-ready diligence challenge posture: connect each final action to the active evidence and the governing rule, policy, task standard, or active-case trigger; keep active source labels beside the material facts, figures, thresholds, missing-evidence triggers, and decision points where they are used; for any calculation or reconciliation, show the source inputs, formula or comparison, result, and business implication; preserve exact source figures, dates, thresholds, names, and rule references when they control the decision; identify any active breach, exception, waiver need, deficiency, unresolved inconsistency, control gap, or non-compliance indicator rather than treating the workflow as cleared; write every percentage value, including percent or percentage-point values, with exactly two decimal places. Open the municipal bond allocation proposal with a Markdown bold title on the first non-empty line. Near the end, include the exact handoff label Next action:; if the packet supports no next action, write Next action: none supported by the packet. Keep the municipal bond allocation proposal to between four and nine non-empty paragraphs, counting any table or list as part of the paragraph where it appears. Treat the layout as part of the requested finance work product, but do not omit required evidence, calculations, boundaries, or decisions just to satisfy presentation."
tonight_hard_line_175,Decision and Structuring,Portfolio proposal,DB4;DB9;EG1;EG2;EG5;QV2,2,13.897,"Prepare a tactical overlay proposal for Northgate Balanced Portfolio. Present the output as bulleted overlay note. Use only the provided documents and cite the visible material labels for material facts. The proposal must calculate post-overlay weights; compare the tilt with the plus or minus 4 percentage point band; decide approve, scale back, or reject; and avoid market-timing certainty language. Address the client objective, current portfolio facts, and policy constraints supplied in the context. Produce the tactical overlay proposal under an audit-ready operations handoff posture: connect each final action to the active evidence and the governing rule, policy, task standard, or active-case trigger; keep active source labels beside the material facts, figures, thresholds, missing-evidence triggers, and decision points where they are used; for any calculation or reconciliation, show the source inputs, formula or comparison, result, and business implication; preserve exact source figures, dates, thresholds, names, and rule references when they control the decision; identify any active breach, exception, waiver need, deficiency, unresolved inconsistency, control gap, or non-compliance indicator rather than treating the workflow as cleared; write every percentage value, including percent or percentage-point values, with exactly two decimal places. Open the tactical overlay proposal with a Markdown bold title on the first non-empty line. Near the end, include the exact handoff label Next action:; if the packet supports no next action, write Next action: none supported by the packet. Keep the tactical overlay proposal to between four and nine non-empty paragraphs, counting any table or list as part of the paragraph where it appears. Treat the layout as part of the requested finance work product, but do not omit required evidence, calculations, boundaries, or decisions just to satisfy presentation."
tonight_hard_line_038,Intake and Profiling,Counterparty / issuer profile construction,DB4;DB7;DB9;EG1;EG2;QV2,4,13.893,"Build a green bond issuer use-of-proceeds profile for Prairie Loop Transit Authority relying only on the context. Summarize project categories, allocation amounts, unallocated proceeds, governance, reporting commitment, external review status, and missing evidence. Calculate unallocated proceeds percentage, flag green-bond intake concerns from the standard, cite visible material labels for concerns, and do not call the bond green-certified unless external review evidence is supplied. Produce the green bond issuer use-of-proceeds profile under an audit-ready diligence challenge posture: connect each final action to the active evidence and the governing rule, policy, task standard, or active-case trigger; keep active source labels beside the material facts, figures, thresholds, missing-evidence triggers, and decision points where they are used; for any calculation or reconciliation, show the source inputs, formula or comparison, result, and business implication; name any required approver, authority evidence, authorization, or review prerequisite that controls the outcome; write every percentage value, including percent or percentage-point values, with exactly two decimal places. Open the green bond issuer use-of-proceeds profile with a Markdown bold title on the first non-empty line. Near the end, include the exact handoff label Next action:; if the packet supports no next action, write Next action: none supported by the packet. Use at least four numbered list items in the 1. / 2. / 3. style for checks, blockers, steps, or required actions. Keep the full response between 220 and 520 words. Treat the layout as part of the requested finance work product, but do not omit required evidence, calculations, boundaries, or decisions just to satisfy presentation."
tonight_hard_line_183,"Execution, Monitoring, Reporting, and Operations",Month-end close / financial reporting support,DB9;EG1;EG2;QV2;QV6,6,13.89,"Prepare an accounts payable cutoff exception note for Keystone Labs October 2026. Use only the provided documents and cite visible material labels. Compare each sampled invoice service date with recording period, identify missing accruals and premature accruals, calculate the net proposed cutoff adjustment, list missing receiving evidence, and state whether any item is a close blocker. Produce the accounts payable cutoff exception note under an audit-ready operations handoff posture: connect each final action to the active evidence and the governing rule, policy, task standard, or active-case trigger; keep active source labels beside the material facts, figures, thresholds, missing-evidence triggers, and decision points where they are used; for any calculation or reconciliation, show the source inputs, formula or comparison, result, and business implication; identify any active breach, exception, waiver need, deficiency, unresolved inconsistency, control gap, or non-compliance indicator rather than treating the workflow as cleared; for any comparison, ranking, alternative, scenario, or trade-off, state the comparison basis, source inputs, result, and decision implication. Open the accounts payable cutoff exception note with a Markdown bold title on the first non-empty line. Near the end, include the exact handoff label Next action:; if the packet supports no next action, write Next action: none supported by the packet. Use at least four numbered list items in the 1. / 2. / 3. style for checks, blockers, steps, or required actions. Keep the full response between 220 and 520 words. Treat the layout as part of the requested finance work product, but do not omit required evidence, calculations, boundaries, or decisions just to satisfy presentation."
tonight_hard_line_189,"Execution, Monitoring, Reporting, and Operations",Risk alert generation,DB9;EG1;EG2;EG5;QV2;QV6,4,13.862,"Prepare a stale data alert for Tax-Exempt Income Strategy. Use only the supplied documents, cite timestamps and age, identify the stale municipal bond price feed, compare its 39-hour age with the 24-hour standard, list the equity price and cash balance files as unaffected, name the data owner, and state how downstream VaR and duration reports should be caveated. Produce the stale data alert under an audit-ready disclosure-review posture: connect each final action to the active evidence and the governing rule, policy, task standard, or active-case trigger; keep active source labels beside the material facts, figures, thresholds, missing-evidence triggers, and decision points where they are used; for any calculation or reconciliation, show the source inputs, formula or comparison, result, and business implication; preserve exact source figures, dates, thresholds, names, and rule references when they control the decision; for any comparison, ranking, alternative, scenario, or trade-off, state the comparison basis, source inputs, result, and decision implication; write every percentage value, including percent or percentage-point values, with exactly two decimal places. Open the stale data alert with a Markdown bold title on the first non-empty line. Near the end, include the exact handoff label Next action:; if the packet supports no next action, write Next action: none supported by the packet. Include at least two short Markdown blockquote lines beginning with > for source or rule excerpts that anchor the decision. Use at least eight complete sentences in the full response. Treat the layout as part of the requested finance work product, but do not omit required evidence, calculations, boundaries, or decisions just to satisfy presentation."
tonight_hard_line_247,Research and Due Diligence,Earnings review,DB4;DB9;EG1;EG2;EG5;FP3;QV2;QV6,2,13.638,"Make a margin recovery check for Atlas Food Logistics. include Apple material labeled geography screening file only as a high-level benchmark/comparable for profitability scale. Use only the provided documents, cite visible material labels for figures and management statements, and List exactly two evidence-backed positives and two evidence-backed cautions. Calculate revenue growth, gross-margin change in basis points, EPS growth, and the net basis-point impact of the three stated drivers. Judge whether the driver total supports the reported margin recovery. Mark any unsupported explanation as missing evidence. Produce the margin recovery check under an audit-ready operations handoff posture: connect each final action to the active evidence and the governing rule, policy, task standard, or active-case trigger; keep active source labels beside the material facts, figures, thresholds, missing-evidence triggers, and decision points where they are used; for any calculation or reconciliation, show the source inputs, formula or comparison, result, and business implication; preserve exact source figures, dates, thresholds, names, and rule references when they control the decision; for any comparison, ranking, alternative, scenario, or trade-off, state the comparison basis, source inputs, result, and decision implication; write every percentage value, including percent or percentage-point values, with exactly two decimal places. Open the margin recovery check with a Markdown bold title on the first non-empty line. Near the end, include the exact handoff label Next action:; if the packet supports no next action, write Next action: none supported by the packet. Structure the margin recovery check with at least three level-2 Markdown headings that start with ##. Treat the layout as part of the requested finance work product, but do not omit required evidence, calculations, boundaries, or decisions just to satisfy presentation."
tonight_hard_line_202,Intake and Profiling,Counterparty / issuer profile construction,DB4;DB6;DB7;DB9;EG2;FP1;FP2;QV2,4,13.447,"Create a counterparty onboarding profile for North Pier Metals Ltd. Use only the supplied context. Present a two-column table with Field and Intake Status, then add a short Interim Status paragraph. Cover authority, LEI, settlement bank, expected activity, ownership/control, and screening. cite visible material labels for each blocker, classify the interim status as ready, conditional, or blocked, and avoid saying the counterparty may trade now. Produce the counterparty onboarding profile under an audit-ready credit committee posture: connect each final action to the active evidence and the governing rule, policy, task standard, or active-case trigger; keep active source labels beside the material facts, figures, thresholds, missing-evidence triggers, and decision points where they are used; for any calculation or reconciliation, show the source inputs, formula or comparison, result, and business implication; use only packet-supported category, status, classification, or risk-level labels; name any required approver, authority evidence, authorization, or review prerequisite that controls the outcome; write every percentage value, including percent or percentage-point values, with exactly two decimal places. Open the counterparty onboarding profile with a Markdown bold title on the first non-empty line. Near the end, include the exact handoff label Next action:; if the packet supports no next action, write Next action: none supported by the packet. Structure the counterparty onboarding profile with at least three level-2 Markdown headings that start with ##. Treat the layout as part of the requested finance work product, but do not omit required evidence, calculations, boundaries, or decisions just to satisfy presentation."
tonight_hard_line_347,Decision and Structuring,Underwriting memo,DB9;EG1;EG2;EG5;QV2,3,12.92,"Create a medical equipment underwriting condition memo for Cobalt Imaging. Verify advance rate against the 80% limit, compare useful life to lease tenor, compute DSCR, and decide whether the unsigned maintenance contract and missing insurance binder are credit exceptions or closing conditions. Use only the file materials and cite visible material labels beside each decision. Produce the medical equipment underwriting condition memo under an audit-ready compliance escalation posture: connect each final action to the active evidence and the governing rule, policy, task standard, or active-case trigger; keep active source labels beside the material facts, figures, thresholds, missing-evidence triggers, and decision points where they are used; for any calculation or reconciliation, show the source inputs, formula or comparison, result, and business implication; preserve exact source figures, dates, thresholds, names, and rule references when they control the decision; identify any active breach, exception, waiver need, deficiency, unresolved inconsistency, control gap, or non-compliance indicator rather than treating the workflow as cleared; write every percentage value, including percent or percentage-point values, with exactly two decimal places. Open the medical equipment underwriting condition memo with a Markdown bold title on the first non-empty line. Near the end, include the exact handoff label Next action:; if the packet supports no next action, write Next action: none supported by the packet. Structure the medical equipment underwriting condition memo with at least three level-2 Markdown headings that start with ##. Treat the layout as part of the requested finance work product, but do not omit required evidence, calculations, boundaries, or decisions just to satisfy presentation."
tonight_hard_line_106,Decision and Structuring,Trade order ticket preparation,DB6;DB9;EG1;EG2;QV2,3,12.904,"Prepare the block allocation instruction ticket for the CLUT order. Show total block quantity, each account allocation, allocation rationale, and a reconciliation check that allocations sum to the 20,000-share block. If the allocations do not reconcile, classify the ticket as Allocation Exception; otherwise classify it as Ready for trader release. Produce the block allocation instruction ticket under an audit-ready credit committee posture: connect each final action to the active evidence and the governing rule, policy, task standard, or active-case trigger; keep active source labels beside the material facts, figures, thresholds, missing-evidence triggers, and decision points where they are used; for any calculation or reconciliation, show the source inputs, formula or comparison, result, and business implication; identify any active breach, exception, waiver need, deficiency, unresolved inconsistency, control gap, or non-compliance indicator rather than treating the workflow as cleared; use only packet-supported category, status, classification, or risk-level labels; write every percentage value, including percent or percentage-point values, with exactly two decimal places. Open the block allocation instruction ticket with a Markdown bold title on the first non-empty line. Near the end, include the exact handoff label Next action:; if the packet supports no next action, write Next action: none supported by the packet. Include one Markdown table for the audit trail whose header contains the columns Evidence, Test, Result, and Action. Keep the full response between 180 and 430 words. Treat the layout as part of the requested finance work product, but do not omit required evidence, calculations, boundaries, or decisions just to satisfy presentation."
tonight_hard_line_186,"Execution, Monitoring, Reporting, and Operations",Client review report,DB4;DB6;DB9;EG2;QV2,3,12.896,"Create an issuer concentration exception report for Oakline Dividend Strategy. Use a two-row table for market-value concentration and income concentration, compare Fairoaks Utilities with each stated limit, classify the exception status, include the monitoring action required by the workflow, compare month-to-date return with the benchmark, and avoid recommending an immediate sale if the ex-dividend blocker applies Frame the note for inclusion in a client review package. Produce the issuer concentration exception report under an audit-ready credit committee posture: connect each final action to the active evidence and the governing rule, policy, task standard, or active-case trigger; keep active source labels beside the material facts, figures, thresholds, missing-evidence triggers, and decision points where they are used; for any calculation or reconciliation, show the source inputs, formula or comparison, result, and business implication; identify any active breach, exception, waiver need, deficiency, unresolved inconsistency, control gap, or non-compliance indicator rather than treating the workflow as cleared; use only packet-supported category, status, classification, or risk-level labels; write every percentage value, including percent or percentage-point values, with exactly two decimal places. Open the issuer concentration exception report with a Markdown bold title on the first non-empty line. Near the end, include the exact handoff label Next action:; if the packet supports no next action, write Next action: none supported by the packet. Include one Markdown table for the audit trail whose header contains the columns Evidence, Test, Result, and Action. Keep the full response between 180 and 430 words. Treat the layout as part of the requested finance work product, but do not omit required evidence, calculations, boundaries, or decisions just to satisfy presentation."
tonight_hard_line_297,"Execution, Monitoring, Reporting, and Operations",Client review report,DB4;DB6;DB9;EG2;QV2,3,12.896,"Draft a restricted holding monitoring alert for Willow ESG Mandate. Identify each restricted issuer with nonzero exposure, show the exposure percentage and source, classify the exposure as Direct or Indirect, state whether Compliance escalation is required, compare portfolio return with the ESG benchmark, and do not suggest instructing the index manager to remove a security Frame the note for inclusion in a client review package. Produce the restricted holding monitoring alert under an audit-ready controller review posture: connect each final action to the active evidence and the governing rule, policy, task standard, or active-case trigger; keep active source labels beside the material facts, figures, thresholds, missing-evidence triggers, and decision points where they are used; for any calculation or reconciliation, show the source inputs, formula or comparison, result, and business implication; identify any active breach, exception, waiver need, deficiency, unresolved inconsistency, control gap, or non-compliance indicator rather than treating the workflow as cleared; use only packet-supported category, status, classification, or risk-level labels; write every percentage value, including percent or percentage-point values, with exactly two decimal places. Open the restricted holding monitoring alert with a Markdown bold title on the first non-empty line. Near the end, include the exact handoff label Next action:; if the packet supports no next action, write Next action: none supported by the packet. Structure the restricted holding monitoring alert with at least three level-2 Markdown headings that start with ##. Treat the layout as part of the requested finance work product, but do not omit required evidence, calculations, boundaries, or decisions just to satisfy presentation."
tonight_hard_line_332,Intake and Profiling,Loan application intake,DB4;DB7;DB9;EG1;EG2;QV2,3,12.893,"Prepare an inventory collateral intake review for Vista Outdoor Goods LLC. Use only the provided context and cite visible material labels. Compute preliminary eligible documented inventory and 50 percent advance support using the policy, compare it with the requested amount, identify missing inventory aging, valuation, location, lien, and insurance evidence, and do not set a borrowing base or approve credit. Produce the inventory collateral intake review under an audit-ready reconciliation posture: connect each final action to the active evidence and the governing rule, policy, task standard, or active-case trigger; keep active source labels beside the material facts, figures, thresholds, missing-evidence triggers, and decision points where they are used; for any calculation or reconciliation, show the source inputs, formula or comparison, result, and business implication; identify any active breach, exception, waiver need, deficiency, unresolved inconsistency, control gap, or non-compliance indicator rather than treating the workflow as cleared; name any required approver, authority evidence, authorization, or review prerequisite that controls the outcome; write every percentage value, including percent or percentage-point values, with exactly two decimal places. Open the inventory collateral intake review with a Markdown bold title on the first non-empty line. Near the end, include the exact handoff label Next action:; if the packet supports no next action, write Next action: none supported by the packet. Structure the inventory collateral intake review with at least three level-2 Markdown headings that start with ##. Treat the layout as part of the requested finance work product, but do not omit required evidence, calculations, boundaries, or decisions just to satisfy presentation."
tonight_hard_line_030,Intake and Profiling,Service scope explanation,DB4;DB7;DB9;EG1;EG2;QV2,3,12.893,"Create a client request triage note for Dana Whitaker. Use only the context. Separate administrative requests from profile-review and trading requests. For each request, state the current intake status and next action. Do not treat the unsigned profile change as final or place/accept the liquidation instruction. Produce the client request triage note under an audit-ready diligence challenge posture: connect each final action to the active evidence and the governing rule, policy, task standard, or active-case trigger; keep active source labels beside the material facts, figures, thresholds, missing-evidence triggers, and decision points where they are used; for any calculation or reconciliation, show the source inputs, formula or comparison, result, and business implication; name any required approver, authority evidence, authorization, or review prerequisite that controls the outcome; write every percentage value, including percent or percentage-point values, with exactly two decimal places. Open the client request triage note with a Markdown bold title on the first non-empty line. Near the end, include the exact handoff label Next action:; if the packet supports no next action, write Next action: none supported by the packet. Keep the client request triage note to between four and nine non-empty paragraphs, counting any table or list as part of the paragraph where it appears. Treat the layout as part of the requested finance work product, but do not omit required evidence, calculations, boundaries, or decisions just to satisfy presentation."
tonight_hard_line_066,Research and Due Diligence,Background screening,DB4;DB7;DB9;EG1;EG2;QV2,3,12.893,"Complete a role-level background clearance table for Slateford Consumer Lending. Assign Clear, Review, or Escalate to every scoped subject, include a one-sentence rationale and visible material label citations for each status, flag whether the nonprofit authority role requires Compliance review, and do not treat former-employer issues as individual findings. Produce the role-level background clearance table under an audit-ready credit committee posture: connect each final action to the active evidence and the governing rule, policy, task standard, or active-case trigger; keep active source labels beside the material facts, figures, thresholds, missing-evidence triggers, and decision points where they are used; for any calculation or reconciliation, show the source inputs, formula or comparison, result, and business implication; name any required approver, authority evidence, authorization, or review prerequisite that controls the outcome; write every percentage value, including percent or percentage-point values, with exactly two decimal places. Open the role-level background clearance table with a Markdown bold title on the first non-empty line. Near the end, include the exact handoff label Next action:; if the packet supports no next action, write Next action: none supported by the packet. Include one Markdown table for the audit trail whose header contains the columns Evidence, Test, Result, and Action. Keep the full response between 180 and 430 words. Treat the layout as part of the requested finance work product, but do not omit required evidence, calculations, boundaries, or decisions just to satisfy presentation."
tonight_hard_line_309,Decision and Structuring,Trade order ticket preparation,DB4;DB6;DB7;DB9;EG2;QV2,3,12.864,"Create an account restriction decline ticket for the Kilo Energy request. Capture the requested trade, identify the active do-not-trade restriction, classify the ticket as Not Enterable, route the issue to Operations, and do not provide substitute trade instructions. Produce the account restriction decline ticket under an audit-ready disclosure-review posture: connect each final action to the active evidence and the governing rule, policy, task standard, or active-case trigger; keep active source labels beside the material facts, figures, thresholds, missing-evidence triggers, and decision points where they are used; for any calculation or reconciliation, show the source inputs, formula or comparison, result, and business implication; use only packet-supported category, status, classification, or risk-level labels; name any required approver, authority evidence, authorization, or review prerequisite that controls the outcome; write every percentage value, including percent or percentage-point values, with exactly two decimal places. Open the account restriction decline ticket with a Markdown bold title on the first non-empty line. Near the end, include the exact handoff label Next action:; if the packet supports no next action, write Next action: none supported by the packet. Include at least two short Markdown blockquote lines beginning with > for source or rule excerpts that anchor the decision. Use at least eight complete sentences in the full response. Treat the layout as part of the requested finance work product, but do not omit required evidence, calculations, boundaries, or decisions just to satisfy presentation."
tonight_hard_line_130,Risk and Compliance Review,Internal control review,DB7;DB9;EG1;EG2;QV2;QV6,5,12.858,"Prepare a model-change governance review note for ticket MRC-144. Use only the supplied documents. Calculate the VaR percentage impact for both back-testing days, compare each result with the 5% materiality trigger, conclude whether the change is material, list missing governance steps, and make a go/no-go decision for tonight's production deployment. Produce the model-change governance review note under an audit-ready credit committee posture: connect each final action to the active evidence and the governing rule, policy, task standard, or active-case trigger; keep active source labels beside the material facts, figures, thresholds, missing-evidence triggers, and decision points where they are used; for any calculation or reconciliation, show the source inputs, formula or comparison, result, and business implication; name any required approver, authority evidence, authorization, or review prerequisite that controls the outcome; for any comparison, ranking, alternative, scenario, or trade-off, state the comparison basis, source inputs, result, and decision implication; write every percentage value, including percent or percentage-point values, with exactly two decimal places. Open the model-change governance review note with a Markdown bold title on the first non-empty line. Near the end, include the exact handoff label Next action:; if the packet supports no next action, write Next action: none supported by the packet. Keep the model-change governance review note to between four and nine non-empty paragraphs, counting any table or list as part of the paragraph where it appears. Treat the layout as part of the requested finance work product, but do not omit required evidence, calculations, boundaries, or decisions just to satisfy presentation."
tonight_hard_line_300,Risk and Compliance Review,Internal control review,DB7;DB9;EG1;EG2;QV2;QV6,5,12.858,"Prepare a credit-risk-rating override control assessment for CRR-208. Use only the supplied documents. Compare model rating with proposed final rating, count the grade movement, determine whether senior credit officer approval is required, test whether financial inputs are current within 90 days, and give an override-control conclusion. Produce the credit-risk-rating override control assessment under an audit-ready reconciliation posture: connect each final action to the active evidence and the governing rule, policy, task standard, or active-case trigger; keep active source labels beside the material facts, figures, thresholds, missing-evidence triggers, and decision points where they are used; for any calculation or reconciliation, show the source inputs, formula or comparison, result, and business implication; name any required approver, authority evidence, authorization, or review prerequisite that controls the outcome; for any comparison, ranking, alternative, scenario, or trade-off, state the comparison basis, source inputs, result, and decision implication; write every percentage value, including percent or percentage-point values, with exactly two decimal places. Open the credit-risk-rating override control assessment with a Markdown bold title on the first non-empty line. Near the end, include the exact handoff label Next action:; if the packet supports no next action, write Next action: none supported by the packet. Keep the credit-risk-rating override control assessment to between four and nine non-empty paragraphs, counting any table or list as part of the paragraph where it appears. Treat the layout as part of the requested finance work product, but do not omit required evidence, calculations, boundaries, or decisions just to satisfy presentation."
tonight_hard_line_318,"Execution, Monitoring, Reporting, and Operations",Board / regulatory reporting,DB9;EG1;EG2;EG5;FP2;QV2,3,12.754,"Build a board risk dashboard for Cedar Income Fund for 2026-Q2. Use the required table columns, test each listed metric or evidence item against its limit or required status, label every row OK, Exception, or Evidence missing, identify any board action needed, cite visible material labels for the source values, and use only the provided materials. Produce the board risk dashboard under an audit-ready diligence challenge posture: connect each final action to the active evidence and the governing rule, policy, task standard, or active-case trigger; keep active source labels beside the material facts, figures, thresholds, missing-evidence triggers, and decision points where they are used; for any calculation or reconciliation, show the source inputs, formula or comparison, result, and business implication; preserve exact source figures, dates, thresholds, names, and rule references when they control the decision; identify any active breach, exception, waiver need, deficiency, unresolved inconsistency, control gap, or non-compliance indicator rather than treating the workflow as cleared; write every percentage value, including percent or percentage-point values, with exactly two decimal places. Open the board risk dashboard with a Markdown bold title on the first non-empty line. Near the end, include the exact handoff label Next action:; if the packet supports no next action, write Next action: none supported by the packet. Use at least four numbered list items in the 1. / 2. / 3. style for checks, blockers, steps, or required actions. Keep the full response between 220 and 520 words. Treat the layout as part of the requested finance work product, but do not omit required evidence, calculations, boundaries, or decisions just to satisfy presentation."
tonight_hard_line_212,Risk and Compliance Review,Stress testing,DB9;EG1;EG2;EG3;QV1;QV2,5,12.638,"Write a liquidity runoff stress memo for Cedar Gate Bank. Use sections titled Inputs, Net Need Calculation, Buffer Result, and Escalation. Calculate the 30-day stressed liquidity need after applying the runoff and funding-freeze assumptions, subtract the $74,000,000 immediately available liquidity stated in the context, identify whether a remaining gap exists, and cite the visible material labels used for the assumptions and liquidity figure. Produce the liquidity runoff stress memo under an audit-ready reconciliation posture: connect each final action to the active evidence and the governing rule, policy, task standard, or active-case trigger; keep active source labels beside the material facts, figures, thresholds, missing-evidence triggers, and decision points where they are used; for any calculation or reconciliation, show the source inputs, formula or comparison, result, and business implication; separate source-stated facts from reviewer inferences, assumptions, customer statements, or management assertions; identify any active breach, exception, waiver need, deficiency, unresolved inconsistency, control gap, or non-compliance indicator rather than treating the workflow as cleared; write every percentage value, including percent or percentage-point values, with exactly two decimal places. Open the liquidity runoff stress memo with a Markdown bold title on the first non-empty line. Near the end, include the exact handoff label Next action:; if the packet supports no next action, write Next action: none supported by the packet. Structure the liquidity runoff stress memo with at least three level-2 Markdown headings that start with ##. Treat the layout as part of the requested finance work product, but do not omit required evidence, calculations, boundaries, or decisions just to satisfy presentation."
tonight_hard_line_002,Decision and Structuring,Underwriting memo,DB4;DB9;EG1;EG2;QV2;QV7,3,12.592,"Draft a red-flag underwriting memo for NorthLoop data center. Calculate base and cost-overrun DSCR, flag single-offtaker concentration, identify the delayed grid interconnection study as open diligence, and provide one mitigant tied to escrowed sponsor equity. Use only the documents, cite sources, and do not infer that grid work is complete. Produce the data center project underwriting red-flag memo under an audit-ready credit committee posture: connect each final action to the active evidence and the governing rule, policy, task standard, or active-case trigger; keep active source labels beside the material facts, figures, thresholds, missing-evidence triggers, and decision points where they are used; for any calculation or reconciliation, show the source inputs, formula or comparison, result, and business implication; for any stress, sensitivity, shock, downside, or scenario test, keep the assumption, horizon, source inputs, formula or comparison, and final result tied together; write every percentage value, including percent or percentage-point values, with exactly two decimal places. Open the data center project underwriting red-flag memo with a Markdown bold title on the first non-empty line. Near the end, include the exact handoff label Next action:; if the packet supports no next action, write Next action: none supported by the packet. Structure the data center project underwriting red-flag memo with at least three level-2 Markdown headings that start with ##. Treat the layout as part of the requested finance work product, but do not omit required evidence, calculations, boundaries, or decisions just to satisfy presentation."
tonight_hard_line_356,Research and Due Diligence,Investment due diligence,DB4;DB5;DB6;DB9;EG1;EG2;QV2,1,12.547,"Produce a diligence closeout decision grid for Atlas Senior Living. Use only the supplied documents, cite visible material labels, and classify each closeout item as Closed, Open, Disputed, or Waiver required. Include audited financials, quality-of-earnings add-back dispute, facility license renewals, employee litigation schedule, insurance certificate, and lender consent. Calculate disputed add-back as a percentage of base-case EBITDA before the add-back, identify the missing licenses and pending lender consent as closing blockers, and do not state that diligence is complete while blockers remain. Produce the diligence closeout decision grid under an audit-ready reconciliation posture: connect each final action to the active evidence and the governing rule, policy, task standard, or active-case trigger; keep active source labels beside the material facts, figures, thresholds, missing-evidence triggers, and decision points where they are used; for any calculation or reconciliation, show the source inputs, formula or comparison, result, and business implication; identify any active breach, exception, waiver need, deficiency, unresolved inconsistency, control gap, or non-compliance indicator rather than treating the workflow as cleared; use only packet-supported category, status, classification, or risk-level labels; write every percentage value, including percent or percentage-point values, with exactly two decimal places. Open the diligence closeout decision grid with a Markdown bold title on the first non-empty line. Near the end, include the exact handoff label Next action:; if the packet supports no next action, write Next action: none supported by the packet. Include one Markdown table for the audit trail whose header contains the columns Evidence, Test, Result, and Action. Keep the full response between 180 and 430 words. Treat the layout as part of the requested finance work product, but do not omit required evidence, calculations, boundaries, or decisions just to satisfy presentation."
