bench_id,workflow,task,line_number,sem_tags,all_tags,rarity_keep_score,task_pass_count,generic_hits,keep_hits,selection_score,query
tonight_hard_line_150,Intake and Profiling,Counterparty / issuer profile construction,150,DB4;DB6;DB9;EG1;EG2;EG5;QV2,DB4;DB6;DB9;EG1;EG2;EG5;FP3;FP4;FP6;QV2,0.1079,6,7,0,19.892,"Assemble a payment processor counterparty profile for Quayline Payments Inc. from the supplied context only. Use bullet groups for Merchant Mix, Operating Footprint, Risk Metrics, Control and Ownership, Screening, and Intake Completeness. Compare the chargeback rate to the 1.00% concern threshold, identify any missing data-security evidence, cite visible material labels for concerns, classify the intake as complete, incomplete, or concern-triggered, and do not approve payment processing exposure. Produce the payment processor counterparty profile under an audit-ready diligence challenge posture: connect each final action to the active evidence and the governing rule, policy, task standard, or active-case trigger; keep active source labels beside the material facts, figures, thresholds, missing-evidence triggers, and decision points where they are used; for any calculation or reconciliation, show the source inputs, formula or comparison, result, and business implication; preserve exact source figures, dates, thresholds, names, and rule references when they control the decision; use only packet-supported category, status, classification, or risk-level labels; write every percentage value, including percent or percentage-point values, with exactly two decimal places. Open the payment processor counterparty profile with a Markdown bold title on the first non-empty line. Near the end, include the exact handoff label Next action:; if the packet supports no next action, write Next action: none supported by the packet. Keep the payment processor counterparty profile to between four and nine non-empty paragraphs, counting any table or list as part of the paragraph where it appears. Treat the layout as part of the requested finance work product, but do not omit required evidence, calculations, boundaries, or decisions just to satisfy presentation."
tonight_hard_line_087,Intake and Profiling,Loan application intake,87,DB4;DB9;EG1;EG2;EG5;QV2,DB4;DB9;EG1;EG2;EG5;FP1;FP3;FP4;FP6;QV2,0.0734,6,6,0,17.927,"Draft a collateral intake completeness note for Canyon Tooling LLC. Use only the provided context, cite visible material labels for each factual point, and separate documented collateral from borrower-stated collateral. Calculate preliminary documented collateral coverage under the policy, flag collateral gaps caused by missing valuation, missing serial numbers, missing UCC search, or prior liens, and end with the evidence needed before credit review. Do not assign a final collateral value or approve credit. Produce the collateral intake completeness note under an audit-ready operations handoff posture: connect each final action to the active evidence and the governing rule, policy, task standard, or active-case trigger; keep active source labels beside the material facts, figures, thresholds, missing-evidence triggers, and decision points where they are used; for any calculation or reconciliation, show the source inputs, formula or comparison, result, and business implication; preserve exact source figures, dates, thresholds, names, and rule references when they control the decision; identify any active breach, exception, waiver need, deficiency, unresolved inconsistency, control gap, or non-compliance indicator rather than treating the workflow as cleared; write every percentage value, including percent or percentage-point values, with exactly two decimal places. Open the collateral intake completeness note with a Markdown bold title on the first non-empty line. Near the end, include the exact handoff label Next action:; if the packet supports no next action, write Next action: none supported by the packet. Structure the collateral intake completeness note with at least three level-2 Markdown headings that start with ##. Treat the layout as part of the requested finance work product, but do not omit required evidence, calculations, boundaries, or decisions just to satisfy presentation."
tonight_hard_line_330,Intake and Profiling,Loan application intake,330,DB4;DB9;EG1;EG2;EG5;QV2,DB4;DB9;EG1;EG2;EG5;FP3;FP4;FP6;QV2,0.0734,6,6,0,17.927,"Prepare a commercial real estate intake package gap list for Ironwood Flats LLC. Use only the provided context and cite visible material labels. Separate borrower-identity items from property/collateral items, identify CRE-specific missing or stale documents, and state the corrected project-address requirement. Do not provide a property valuation conclusion or credit approval. Produce the commercial real estate intake package gap list under an audit-ready credit committee posture: connect each final action to the active evidence and the governing rule, policy, task standard, or active-case trigger; keep active source labels beside the material facts, figures, thresholds, missing-evidence triggers, and decision points where they are used; for any calculation or reconciliation, show the source inputs, formula or comparison, result, and business implication; preserve exact source figures, dates, thresholds, names, and rule references when they control the decision; identify any active breach, exception, waiver need, deficiency, unresolved inconsistency, control gap, or non-compliance indicator rather than treating the workflow as cleared; write every percentage value, including percent or percentage-point values, with exactly two decimal places. Open the commercial real estate intake package gap list with a Markdown bold title on the first non-empty line. Near the end, include the exact handoff label Next action:; if the packet supports no next action, write Next action: none supported by the packet. Keep the commercial real estate intake package gap list to between four and nine non-empty paragraphs, counting any table or list as part of the paragraph where it appears. Treat the layout as part of the requested finance work product, but do not omit required evidence, calculations, boundaries, or decisions just to satisfy presentation."
tonight_hard_line_017,Intake and Profiling,Counterparty / issuer profile construction,17,DB4;DB6;DB9;EG1;EG2;QV2,DB4;DB6;DB9;EG1;EG2;FP1;FP3;FP4;FP6;QV2,0.0875,6,6,0,17.913,"Build a trading counterparty limit intake note for Fenwick Grain Cooperative. Use only the context. Show the requested limit as a percentage of tangible net worth, identify any limit-size exception, and classify the intake action as proceed to Credit Risk review, return for information, or block setup. Include legal identity, instrument type, collateral, agreement status, settlement instructions, current exposure, and screening, with document-id citations for exceptions. Do not approve the requested limit. Produce the trading counterparty limit intake under an audit-ready controller review posture: connect each final action to the active evidence and the governing rule, policy, task standard, or active-case trigger; keep active source labels beside the material facts, figures, thresholds, missing-evidence triggers, and decision points where they are used; for any calculation or reconciliation, show the source inputs, formula or comparison, result, and business implication; identify any active breach, exception, waiver need, deficiency, unresolved inconsistency, control gap, or non-compliance indicator rather than treating the workflow as cleared; use only packet-supported category, status, classification, or risk-level labels; write every percentage value, including percent or percentage-point values, with exactly two decimal places. Open the trading counterparty limit intake with a Markdown bold title on the first non-empty line. Near the end, include the exact handoff label Next action:; if the packet supports no next action, write Next action: none supported by the packet. Structure the trading counterparty limit intake with at least three level-2 Markdown headings that start with ##. Treat the layout as part of the requested finance work product, but do not omit required evidence, calculations, boundaries, or decisions just to satisfy presentation."
tonight_hard_line_083,Research and Due Diligence,Background screening,83,DB6;DB9;EG1;EG2;EG5;QV2,DB6;DB9;EG1;EG2;EG5;FP2;FP3;FP4;FP6;QV2,0.0909,6,6,0,17.909,"Draft an adverse media triage note for Riverton Solar Storage. Classify each media item as High, Medium, Low, or Insufficient-source, count the items in each class, cite visible material labels beside each item, and end with whether Compliance escalation is needed now or only after follow-up evidence. Keep allegations separate from confirmed facts. Produce the adverse media triage note under an audit-ready compliance escalation posture: connect each final action to the active evidence and the governing rule, policy, task standard, or active-case trigger; keep active source labels beside the material facts, figures, thresholds, missing-evidence triggers, and decision points where they are used; for any calculation or reconciliation, show the source inputs, formula or comparison, result, and business implication; preserve exact source figures, dates, thresholds, names, and rule references when they control the decision; use only packet-supported category, status, classification, or risk-level labels. Open the adverse media triage note with a Markdown bold title on the first non-empty line. Near the end, include the exact handoff label Next action:; if the packet supports no next action, write Next action: none supported by the packet. Use at least four numbered list items in the 1. / 2. / 3. style for checks, blockers, steps, or required actions. Keep the full response between 220 and 520 words. Treat the layout as part of the requested finance work product, but do not omit required evidence, calculations, boundaries, or decisions just to satisfy presentation."
tonight_hard_line_092,Intake and Profiling,Missing information checklist,92,DB4;DB6;DB9;EG1;EG2;EG5;QV2,DB4;DB6;DB9;EG1;EG2;EG5;FP1;FP3;FP4;FP6;QV2,0.1079,4,7,0,17.892,"Send an internal use-of-proceeds evidence request for Canyon Dental Lab LLC. Use only the provided context. Reconcile each requested use category to evidence received, identify unsupported amounts, classify unsupported items under the loan intake policy, cite visible material labels, assign an owner for each cure, and do not make an underwriting recommendation. Produce the use-of-proceeds evidence request under an audit-ready reconciliation posture: connect each final action to the active evidence and the governing rule, policy, task standard, or active-case trigger; keep active source labels beside the material facts, figures, thresholds, missing-evidence triggers, and decision points where they are used; for any calculation or reconciliation, show the source inputs, formula or comparison, result, and business implication; preserve exact source figures, dates, thresholds, names, and rule references when they control the decision; use only packet-supported category, status, classification, or risk-level labels; write every percentage value, including percent or percentage-point values, with exactly two decimal places. Open the use-of-proceeds evidence request with a Markdown bold title on the first non-empty line. Near the end, include the exact handoff label Next action:; if the packet supports no next action, write Next action: none supported by the packet. Structure the use-of-proceeds evidence request with at least three level-2 Markdown headings that start with ##. Treat the layout as part of the requested finance work product, but do not omit required evidence, calculations, boundaries, or decisions just to satisfy presentation."
tonight_hard_line_101,Intake and Profiling,Counterparty / issuer profile construction,101,DB4;DB8;DB9;EG1;EG2;EG5;QV2,DB4;DB8;DB9;EG1;EG2;EG5;FP2;FP3;FP4;FP6;QV2,0.1401,6,6,0,17.86,"Prepare a revenue concentration profile for Rowan Analytics Inc. using only the supplied context. Present Supplied Facts and Analyst Observations separately. Calculate top-three customer concentration, test the single-customer and top-three thresholds, cite visible material labels for concentration concerns, include contract renewal timing for the named customers, and do not recommend whether to invest in the convertible note. Produce the revenue concentration profile under an audit-ready disclosure-review posture: connect each final action to the active evidence and the governing rule, policy, task standard, or active-case trigger; keep active source labels beside the material facts, figures, thresholds, missing-evidence triggers, and decision points where they are used; for any calculation or reconciliation, show the source inputs, formula or comparison, result, and business implication; preserve exact source figures, dates, thresholds, names, and rule references when they control the decision; keep hypothetical, projected, target, testimonial, endorsement, ranking, sales-claim, and performance language inside the boundary supported by the packet; write every percentage value, including percent or percentage-point values, with exactly two decimal places. Open the revenue concentration profile with a Markdown bold title on the first non-empty line. Near the end, include the exact handoff label Next action:; if the packet supports no next action, write Next action: none supported by the packet. Include one Markdown table for the audit trail whose header contains the columns Evidence, Test, Result, and Action. Keep the full response between 180 and 430 words. Treat the layout as part of the requested finance work product, but do not omit required evidence, calculations, boundaries, or decisions just to satisfy presentation."
tonight_hard_line_104,Research and Due Diligence,Background screening,104,DB2;DB6;DB9;EG1;EG2;EG5;QV2,DB2;DB6;DB9;EG1;EG2;EG5;FP2;FP3;FP4;FP6;QV2,0.1909,6,6,0,17.809,"Write a regulatory event severity note for Keystone Orchard Foods. Classify each regulatory event under the four labels, compare the monetary penalty with the USD 100,000 threshold, separate open inquiries from findings, cite visible material labels, and give a current-severity conclusion that does not overstate older closed events. Produce the regulatory event severity note under an audit-ready adversarial audit posture: connect each final action to the active evidence and the governing rule, policy, task standard, or active-case trigger; keep active source labels beside the material facts, figures, thresholds, missing-evidence triggers, and decision points where they are used; for any calculation or reconciliation, show the source inputs, formula or comparison, result, and business implication; preserve exact source figures, dates, thresholds, names, and rule references when they control the decision; use only packet-supported category, status, classification, or risk-level labels. Open the regulatory event severity note with a Markdown bold title on the first non-empty line. Near the end, include the exact handoff label Next action:; if the packet supports no next action, write Next action: none supported by the packet. Include at least two short Markdown blockquote lines beginning with > for source or rule excerpts that anchor the decision. Use at least eight complete sentences in the full response. Treat the layout as part of the requested finance work product, but do not omit required evidence, calculations, boundaries, or decisions just to satisfy presentation."
tonight_hard_line_088,"Execution, Monitoring, Reporting, and Operations",Post-investment / post-loan review,88,DB4;DB9;EG1;EG2;EG5;QV2,DB4;DB9;EG1;EG2;EG5;FP2;FP3;FP4;FP6;QV2,0.0734,5,6,0,16.927,"Prepare a post-investment liquidity runway review for OrbitMed Devices. Calculate months of runway, compare it with the 9-month requirement and the 2027-02-15 milestone timing, state whether bridge financing evidence is documented, and do not assume new financing. Use only the provided documents and cite the visible material labels for material facts. Produce the post-investment liquidity runway review under an audit-ready adversarial audit posture: connect each final action to the active evidence and the governing rule, policy, task standard, or active-case trigger; keep active source labels beside the material facts, figures, thresholds, missing-evidence triggers, and decision points where they are used; for any calculation or reconciliation, show the source inputs, formula or comparison, result, and business implication; preserve exact source figures, dates, thresholds, names, and rule references when they control the decision; identify any active breach, exception, waiver need, deficiency, unresolved inconsistency, control gap, or non-compliance indicator rather than treating the workflow as cleared. Open the post-investment liquidity runway review with a Markdown bold title on the first non-empty line. Near the end, include the exact handoff label Next action:; if the packet supports no next action, write Next action: none supported by the packet. Use at least four numbered list items in the 1. / 2. / 3. style for checks, blockers, steps, or required actions. Keep the full response between 220 and 520 words. Treat the layout as part of the requested finance work product, but do not omit required evidence, calculations, boundaries, or decisions just to satisfy presentation."
tonight_hard_line_206,"Execution, Monitoring, Reporting, and Operations",Post-investment / post-loan review,206,DB4;DB9;EG1;EG2;EG5;QV2,DB4;DB9;EG1;EG2;EG5;FP2;FP3;FP4;FP6;QV2,0.0734,5,6,0,16.927,"Write an investment thesis update for LumenGrid Analytics. Separate original thesis points, current evidence, and management explanations; classify ARR, net revenue retention, and pilot conversion as On Track, At Risk, or Broken; calculate the ARR shortfall versus plan; and do not recommend additional capital. Use only the provided documents and cite the visible material labels for material facts. Produce the investment thesis update under an audit-ready diligence challenge posture: connect each final action to the active evidence and the governing rule, policy, task standard, or active-case trigger; keep active source labels beside the material facts, figures, thresholds, missing-evidence triggers, and decision points where they are used; for any calculation or reconciliation, show the source inputs, formula or comparison, result, and business implication; preserve exact source figures, dates, thresholds, names, and rule references when they control the decision; identify any active breach, exception, waiver need, deficiency, unresolved inconsistency, control gap, or non-compliance indicator rather than treating the workflow as cleared; write every percentage value, including percent or percentage-point values, with exactly two decimal places. Open the investment thesis update with a Markdown bold title on the first non-empty line. Near the end, include the exact handoff label Next action:; if the packet supports no next action, write Next action: none supported by the packet. Include one Markdown table for the audit trail whose header contains the columns Evidence, Test, Result, and Action. Keep the full response between 180 and 430 words. Treat the layout as part of the requested finance work product, but do not omit required evidence, calculations, boundaries, or decisions just to satisfy presentation."
tonight_hard_line_262,"Execution, Monitoring, Reporting, and Operations",Post-investment / post-loan review,262,DB4;DB9;EG1;EG2;EG5;QV2,DB4;DB9;EG1;EG2;EG5;FP1;FP3;FP4;FP6;QV2,0.0734,5,6,0,16.927,"Build a post-loan annual review action plan for Willow Creek Specialty Chemicals. Group each item as Covenant, Documentation, or Business Update; test DSCR and leverage against their covenants; assign owner, due date, and Open, Completed, or Escalate status; and make sure the leverage breach is not treated as only a documentation request. Use only the provided documents and cite the visible material labels for material facts. Produce the post-loan annual review action plan under an audit-ready diligence challenge posture: connect each final action to the active evidence and the governing rule, policy, task standard, or active-case trigger; keep active source labels beside the material facts, figures, thresholds, missing-evidence triggers, and decision points where they are used; for any calculation or reconciliation, show the source inputs, formula or comparison, result, and business implication; preserve exact source figures, dates, thresholds, names, and rule references when they control the decision; identify any active breach, exception, waiver need, deficiency, unresolved inconsistency, control gap, or non-compliance indicator rather than treating the workflow as cleared; write every percentage value, including percent or percentage-point values, with exactly two decimal places. Open the post-loan annual review action plan with a Markdown bold title on the first non-empty line. Near the end, include the exact handoff label Next action:; if the packet supports no next action, write Next action: none supported by the packet. Structure the post-loan annual review action plan with at least three level-2 Markdown headings that start with ##. Treat the layout as part of the requested finance work product, but do not omit required evidence, calculations, boundaries, or decisions just to satisfy presentation."
tonight_hard_line_358,"Execution, Monitoring, Reporting, and Operations",Post-investment / post-loan review,358,DB4;DB9;EG1;EG2;EG5;QV2,DB4;DB9;EG1;EG2;EG5;FP2;FP3;FP4;FP6;QV2,0.0734,5,6,0,16.927,"Create a post-close covenant review table for Maple Grove Distribution Inc. with columns Requirement, Deadline, Evidence Status, Test Result, Exception Yes/No, and Next Step. Test availability against the $7.5 million minimum, identify missing evidence after the 45-day deadline, and state whether the package can be marked complete. Use only the provided documents and cite the visible material labels for material facts. Produce the post-close covenant review table under an audit-ready diligence challenge posture: connect each final action to the active evidence and the governing rule, policy, task standard, or active-case trigger; keep active source labels beside the material facts, figures, thresholds, missing-evidence triggers, and decision points where they are used; for any calculation or reconciliation, show the source inputs, formula or comparison, result, and business implication; preserve exact source figures, dates, thresholds, names, and rule references when they control the decision; identify any active breach, exception, waiver need, deficiency, unresolved inconsistency, control gap, or non-compliance indicator rather than treating the workflow as cleared. Open the post-close covenant review table with a Markdown bold title on the first non-empty line. Near the end, include the exact handoff label Next action:; if the packet supports no next action, write Next action: none supported by the packet. Use at least four numbered list items in the 1. / 2. / 3. style for checks, blockers, steps, or required actions. Keep the full response between 220 and 520 words. Treat the layout as part of the requested finance work product, but do not omit required evidence, calculations, boundaries, or decisions just to satisfy presentation."
tonight_hard_line_146,Research and Due Diligence,Industry and market research,146,DB6;DB9;EG1;EG2;EG5;QV2,DB6;DB9;EG1;EG2;EG5;FP2;FP3;FP4;FP6;QV2,0.0909,5,6,0,16.909,"Assemble a pricing pressure note for LakeAxis. Calculate the 2023-to-2025E list-price decline and the average 2025E discount, apply the the material labeled owner field note high/moderate/low pressure rule, connect the finding to the usage-based revenue mix, cite visible material labels, and explicitly say whether gross margin impact is unavailable. Produce the pricing pressure note under an audit-ready credit committee posture: connect each final action to the active evidence and the governing rule, policy, task standard, or active-case trigger; keep active source labels beside the material facts, figures, thresholds, missing-evidence triggers, and decision points where they are used; for any calculation or reconciliation, show the source inputs, formula or comparison, result, and business implication; preserve exact source figures, dates, thresholds, names, and rule references when they control the decision; use only packet-supported category, status, classification, or risk-level labels; write every percentage value, including percent or percentage-point values, with exactly two decimal places. Open the pricing pressure note with a Markdown bold title on the first non-empty line. Near the end, include the exact handoff label Next action:; if the packet supports no next action, write Next action: none supported by the packet. Include one Markdown table for the audit trail whose header contains the columns Evidence, Test, Result, and Action. Keep the full response between 180 and 430 words. Treat the layout as part of the requested finance work product, but do not omit required evidence, calculations, boundaries, or decisions just to satisfy presentation."
tonight_hard_line_072,Risk and Compliance Review,Internal control review,72,DB4;DB9;EG1;EG2;EG5;FP1;QV2,DB4;DB9;EG1;EG2;EG5;FP1;FP3;FP4;FP6;QV2,0.2401,5,6,0,16.76,"Write a journal-entry approval control memo for JE-5197. Separate approval failure from documentation failure under different headings. Use only the context documents, cite the policy threshold and close-binder evidence, determine whether independent approval occurred, identify missing records, and apply the issue rating guide without combining the two deficiencies into one finding. Produce the journal-entry approval control memo under an audit-ready adversarial audit posture: connect each final action to the active evidence and the governing rule, policy, task standard, or active-case trigger; keep active source labels beside the material facts, figures, thresholds, missing-evidence triggers, and decision points where they are used; for any calculation or reconciliation, show the source inputs, formula or comparison, result, and business implication; preserve exact source figures, dates, thresholds, names, and rule references when they control the decision; identify any active breach, exception, waiver need, deficiency, unresolved inconsistency, control gap, or non-compliance indicator rather than treating the workflow as cleared; write every percentage value, including percent or percentage-point values, with exactly two decimal places. Open the journal-entry approval control memo with a Markdown bold title on the first non-empty line. Near the end, include the exact handoff label Next action:; if the packet supports no next action, write Next action: none supported by the packet. Structure the journal-entry approval control memo with at least three level-2 Markdown headings that start with ##. Treat the layout as part of the requested finance work product, but do not omit required evidence, calculations, boundaries, or decisions just to satisfy presentation."
tonight_hard_line_357,"Execution, Monitoring, Reporting, and Operations",Risk alert generation,357,DB4;DB9;EG1;EG2;QV2,DB4;DB9;EG1;EG2;FP1;FP3;FP4;FP6;QV2,0.053,6,5,0,15.947,"Draft a rating downgrade alert for Northvale Health Systems. Use only the supplied documents, cite the downgrade and exposure facts, verify whether both the below-investment-grade and 1.5% NAV triggers are met, identify the split-rating status, do not imply Agency B downgraded the issuer, name the analyst, and include the required watch-list and credit committee timing. Produce the rating downgrade alert under an audit-ready disclosure-review posture: connect each final action to the active evidence and the governing rule, policy, task standard, or active-case trigger; keep active source labels beside the material facts, figures, thresholds, missing-evidence triggers, and decision points where they are used; for any calculation or reconciliation, show the source inputs, formula or comparison, result, and business implication; write every percentage value, including percent or percentage-point values, with exactly two decimal places. Open the rating downgrade alert with a Markdown bold title on the first non-empty line. Near the end, include the exact handoff label Next action:; if the packet supports no next action, write Next action: none supported by the packet. Structure the rating downgrade alert with at least three level-2 Markdown headings that start with ##. Treat the layout as part of the requested finance work product, but do not omit required evidence, calculations, boundaries, or decisions just to satisfy presentation."
tonight_hard_line_110,Decision and Structuring,Portfolio proposal,110,DB4;DB9;EG1;EG2;EG5;QV2,DB4;DB9;EG1;EG2;EG5;FP3;FP4;FP6;QV2,0.0734,4,6,0,15.927,"Prepare a municipal bond allocation proposal for Sage Taxable Portfolio. Present the output as current and pro forma exposure table. Use only the provided documents and cite the visible material labels for material facts. The proposal must calculate pro forma in-state municipal exposure; verify whether the A rating meets policy; recommend proceed, resize, or decline; and avoid giving tax advice beyond portfolio context. Address the client objective, current portfolio facts, and policy constraints supplied in the context. Produce the municipal bond allocation proposal under an audit-ready diligence challenge posture: connect each final action to the active evidence and the governing rule, policy, task standard, or active-case trigger; keep active source labels beside the material facts, figures, thresholds, missing-evidence triggers, and decision points where they are used; for any calculation or reconciliation, show the source inputs, formula or comparison, result, and business implication; preserve exact source figures, dates, thresholds, names, and rule references when they control the decision; identify any active breach, exception, waiver need, deficiency, unresolved inconsistency, control gap, or non-compliance indicator rather than treating the workflow as cleared; write every percentage value, including percent or percentage-point values, with exactly two decimal places. Open the municipal bond allocation proposal with a Markdown bold title on the first non-empty line. Near the end, include the exact handoff label Next action:; if the packet supports no next action, write Next action: none supported by the packet. Keep the municipal bond allocation proposal to between four and nine non-empty paragraphs, counting any table or list as part of the paragraph where it appears. Treat the layout as part of the requested finance work product, but do not omit required evidence, calculations, boundaries, or decisions just to satisfy presentation."
tonight_hard_line_175,Decision and Structuring,Portfolio proposal,175,DB4;DB9;EG1;EG2;EG5;QV2,DB4;DB9;EG1;EG2;EG5;FP3;FP4;FP6;QV2,0.0734,4,6,0,15.927,"Prepare a tactical overlay proposal for Northgate Balanced Portfolio. Present the output as bulleted overlay note. Use only the provided documents and cite the visible material labels for material facts. The proposal must calculate post-overlay weights; compare the tilt with the plus or minus 4 percentage point band; decide approve, scale back, or reject; and avoid market-timing certainty language. Address the client objective, current portfolio facts, and policy constraints supplied in the context. Produce the tactical overlay proposal under an audit-ready operations handoff posture: connect each final action to the active evidence and the governing rule, policy, task standard, or active-case trigger; keep active source labels beside the material facts, figures, thresholds, missing-evidence triggers, and decision points where they are used; for any calculation or reconciliation, show the source inputs, formula or comparison, result, and business implication; preserve exact source figures, dates, thresholds, names, and rule references when they control the decision; identify any active breach, exception, waiver need, deficiency, unresolved inconsistency, control gap, or non-compliance indicator rather than treating the workflow as cleared; write every percentage value, including percent or percentage-point values, with exactly two decimal places. Open the tactical overlay proposal with a Markdown bold title on the first non-empty line. Near the end, include the exact handoff label Next action:; if the packet supports no next action, write Next action: none supported by the packet. Keep the tactical overlay proposal to between four and nine non-empty paragraphs, counting any table or list as part of the paragraph where it appears. Treat the layout as part of the requested finance work product, but do not omit required evidence, calculations, boundaries, or decisions just to satisfy presentation."
tonight_hard_line_221,"Execution, Monitoring, Reporting, and Operations",Risk alert generation,221,DB4;DB8;DB9;EG1;EG2;QV2,DB4;DB8;DB9;EG1;EG2;FP2;FP3;FP4;FP6;QV2,0.1196,6,5,0,15.88,"Prepare an ESG controversy alert for GreenFields Mining. Use only the provided documents, cite the vendor score change and exposure, explain why the alert is triggered even though exposure is below 1% of NAV, describe the event as vendor-reported, avoid independently confirming environmental liability, name the analyst owner, and include the required follow-up items. Produce the ESG controversy alert under an audit-ready disclosure-review posture: connect each final action to the active evidence and the governing rule, policy, task standard, or active-case trigger; keep active source labels beside the material facts, figures, thresholds, missing-evidence triggers, and decision points where they are used; for any calculation or reconciliation, show the source inputs, formula or comparison, result, and business implication; identify any active breach, exception, waiver need, deficiency, unresolved inconsistency, control gap, or non-compliance indicator rather than treating the workflow as cleared; keep hypothetical, projected, target, testimonial, endorsement, ranking, sales-claim, and performance language inside the boundary supported by the packet; write every percentage value, including percent or percentage-point values, with exactly two decimal places. Open the ESG controversy alert with a Markdown bold title on the first non-empty line. Near the end, include the exact handoff label Next action:; if the packet supports no next action, write Next action: none supported by the packet. Include one Markdown table for the audit trail whose header contains the columns Evidence, Test, Result, and Action. Keep the full response between 180 and 430 words. Treat the layout as part of the requested finance work product, but do not omit required evidence, calculations, boundaries, or decisions just to satisfy presentation."
tonight_hard_line_238,"Execution, Monitoring, Reporting, and Operations",Risk alert generation,238,DB1;DB9;EG1;EG2;EG5;QV2,DB1;DB9;EG1;EG2;EG5;FP2;FP3;FP4;FP6;QV2,0.1473,6,5,0,15.853,"Write an escalation/no-escalation decision note for Horizon Endowment. Use only the supplied documents, cite each indicator, decide whether escalation is required, explain why the volatility and liquidity metrics do not independently require escalation, identify the pending restricted security flag as the escalation basis, name the portfolio owner and compliance queue, and include the required action with deadline. Produce the escalation/no-escalation decision note under an audit-ready diligence challenge posture: connect each final action to the active evidence and the governing rule, policy, task standard, or active-case trigger; keep active source labels beside the material facts, figures, thresholds, missing-evidence triggers, and decision points where they are used; for any calculation or reconciliation, show the source inputs, formula or comparison, result, and business implication; preserve exact source figures, dates, thresholds, names, and rule references when they control the decision; identify any active breach, exception, waiver need, deficiency, unresolved inconsistency, control gap, or non-compliance indicator rather than treating the workflow as cleared; write every percentage value, including percent or percentage-point values, with exactly two decimal places. Open the escalation/no-escalation decision note with a Markdown bold title on the first non-empty line. Near the end, include the exact handoff label Next action:; if the packet supports no next action, write Next action: none supported by the packet. Use at least four numbered list items in the 1. / 2. / 3. style for checks, blockers, steps, or required actions. Keep the full response between 220 and 520 words. Treat the layout as part of the requested finance work product, but do not omit required evidence, calculations, boundaries, or decisions just to satisfy presentation."
tonight_hard_line_147,Decision and Structuring,Portfolio proposal,147,DB1;DB4;DB9;EG1;EG2;EG5;QV2,DB1;DB4;DB9;EG1;EG2;EG5;FP1;FP3;FP4;FP6;QV2,0.1643,4,6,0,15.836,"Prepare a covered-call overlay suitability proposal for Briar Income Portfolio. Present the output as recommendation at the end. Use only the provided documents and cite the visible material labels for material facts. The proposal must compare the proposed 10% sleeve with current allocation; determine whether missing options approval blocks proceeding; recommend proceed, hold, or escalate; and do not treat sponsor yield as guaranteed income. Address the client objective, current portfolio facts, and policy constraints supplied in the context. Produce the covered-call overlay suitability proposal under an audit-ready compliance escalation posture: connect each final action to the active evidence and the governing rule, policy, task standard, or active-case trigger; keep active source labels beside the material facts, figures, thresholds, missing-evidence triggers, and decision points where they are used; for any calculation or reconciliation, show the source inputs, formula or comparison, result, and business implication; preserve exact source figures, dates, thresholds, names, and rule references when they control the decision; identify any active breach, exception, waiver need, deficiency, unresolved inconsistency, control gap, or non-compliance indicator rather than treating the workflow as cleared; write every percentage value, including percent or percentage-point values, with exactly two decimal places. Open the covered-call overlay suitability proposal with a Markdown bold title on the first non-empty line. Near the end, include the exact handoff label Next action:; if the packet supports no next action, write Next action: none supported by the packet. Structure the covered-call overlay suitability proposal with at least three level-2 Markdown headings that start with ##. Treat the layout as part of the requested finance work product, but do not omit required evidence, calculations, boundaries, or decisions just to satisfy presentation."
tonight_hard_line_157,Intake and Profiling,Missing information checklist,157,DB4;DB9;EG1;EG2;EG5;FP3;QV2,DB4;DB9;EG1;EG2;EG5;FP1;FP3;FP4;FP6;QV2,0.2401,4,6,0,15.76,"Write an authorization gap notice for the Willow Hart joint advisory file. Use only the provided context. Format the notice as exactly four bullets: Missing authorization, Evidence conflict, Client follow-up, and Internal hold. Explain which signatures or authority evidence are absent, cite visible material labels, identify blocker versus non-blocker items, and avoid recommending any investment action while the authority gap remains. Produce the authorization gap notice under an audit-ready disclosure-review posture: connect each final action to the active evidence and the governing rule, policy, task standard, or active-case trigger; keep active source labels beside the material facts, figures, thresholds, missing-evidence triggers, and decision points where they are used; for any calculation or reconciliation, show the source inputs, formula or comparison, result, and business implication; preserve exact source figures, dates, thresholds, names, and rule references when they control the decision; identify any active breach, exception, waiver need, deficiency, unresolved inconsistency, control gap, or non-compliance indicator rather than treating the workflow as cleared; write every percentage value, including percent or percentage-point values, with exactly two decimal places. Open the authorization gap notice with a Markdown bold title on the first non-empty line. Near the end, include the exact handoff label Next action:; if the packet supports no next action, write Next action: none supported by the packet. Structure the authorization gap notice with at least three level-2 Markdown headings that start with ##. Treat the layout as part of the requested finance work product, but do not omit required evidence, calculations, boundaries, or decisions just to satisfy presentation."
tonight_hard_line_322,Decision and Structuring,Portfolio proposal,322,DB1;DB4;DB9;EG1;EG2;EG5;FP2;QV2,DB1;DB4;DB9;EG1;EG2;EG5;FP1;FP2;FP3;FP4;FP6;QV2,0.2643,4,6,0,15.736,"Prepare a education funding glidepath proposal for Willow 529 Portfolio. Present the output as glidepath comparison table. Use only the provided documents and cite the visible material labels for material facts. The proposal must calculate drift from the 2-year glidepath target; note that tax-lot data is unavailable; recommend de-risking, hold, or exception; and do not invent tax consequences. Address the client objective, current portfolio facts, and policy constraints supplied in the context. Produce the education funding glidepath proposal under an audit-ready credit committee posture: connect each final action to the active evidence and the governing rule, policy, task standard, or active-case trigger; keep active source labels beside the material facts, figures, thresholds, missing-evidence triggers, and decision points where they are used; for any calculation or reconciliation, show the source inputs, formula or comparison, result, and business implication; preserve exact source figures, dates, thresholds, names, and rule references when they control the decision; identify any active breach, exception, waiver need, deficiency, unresolved inconsistency, control gap, or non-compliance indicator rather than treating the workflow as cleared; write every percentage value, including percent or percentage-point values, with exactly two decimal places. Open the education funding glidepath proposal with a Markdown bold title on the first non-empty line. Near the end, include the exact handoff label Next action:; if the packet supports no next action, write Next action: none supported by the packet. Structure the education funding glidepath proposal with at least three level-2 Markdown headings that start with ##. Treat the layout as part of the requested finance work product, but do not omit required evidence, calculations, boundaries, or decisions just to satisfy presentation."
tonight_hard_line_115,Research and Due Diligence,Background screening,115,DB9;EG1;EG2;EG5;QV2;QV4,DB9;EG1;EG2;EG5;FP3;FP4;FP6;QV2;QV4,0.3898,6,5,0,15.61,"Fill out an adverse-media escalation threshold checklist for Fjordline Apparel. Test the complaint-count, Compliance-hit, and pending-litigation thresholds separately; show the numeric comparison for each applicable threshold; cite the source data; and recommend which team, if any, receives escalation. Do not escalate to Compliance based only on late-payment media. Produce the adverse-media escalation threshold checklist under an audit-ready compliance escalation posture: connect each final action to the active evidence and the governing rule, policy, task standard, or active-case trigger; keep active source labels beside the material facts, figures, thresholds, missing-evidence triggers, and decision points where they are used; for any calculation or reconciliation, show the source inputs, formula or comparison, result, and business implication; preserve exact source figures, dates, thresholds, names, and rule references when they control the decision; write every percentage value, including percent or percentage-point values, with exactly two decimal places. Open the adverse-media escalation threshold checklist with a Markdown bold title on the first non-empty line. Near the end, include the exact handoff label Next action:; if the packet supports no next action, write Next action: none supported by the packet. Keep the adverse-media escalation threshold checklist to between four and nine non-empty paragraphs, counting any table or list as part of the paragraph where it appears. Treat the layout as part of the requested finance work product, but do not omit required evidence, calculations, boundaries, or decisions just to satisfy presentation."
tonight_hard_line_312,Risk and Compliance Review,Internal control review,312,DB9;EG1;EG2;EG5;QV2,DB9;EG1;EG2;EG5;FP1;FP4;FP6;QV2,0.0564,5,5,0,14.944,"Draft a complaint-intake control deficiency memo for CI-612. Use only the context documents. Classify whether the email is a written complaint or oral service issue under the procedure, test one-business-day logging and five-business-day acknowledgement requirements, identify missing Compliance assignment, and name the corrective action owner needed to remediate the intake control. Produce the complaint-intake control deficiency memo under an audit-ready adversarial audit posture: connect each final action to the active evidence and the governing rule, policy, task standard, or active-case trigger; keep active source labels beside the material facts, figures, thresholds, missing-evidence triggers, and decision points where they are used; for any calculation or reconciliation, show the source inputs, formula or comparison, result, and business implication; preserve exact source figures, dates, thresholds, names, and rule references when they control the decision; identify any active breach, exception, waiver need, deficiency, unresolved inconsistency, control gap, or non-compliance indicator rather than treating the workflow as cleared. Open the complaint-intake control deficiency memo with a Markdown bold title on the first non-empty line. Near the end, include the exact handoff label Next action:; if the packet supports no next action, write Next action: none supported by the packet. Structure the complaint-intake control deficiency memo with at least three level-2 Markdown headings that start with ##. Treat the layout as part of the requested finance work product, but do not omit required evidence, calculations, boundaries, or decisions just to satisfy presentation."
tonight_hard_line_308,Risk and Compliance Review,Regulatory issue escalation,308,DB4;DB9;EG1;EG2;EG5;QV2,DB4;DB9;EG1;EG2;EG5;FP2;FP3;FP4;FP6;QV2,0.0734,3,6,0,14.927,"Draft a short-sale compliance escalation brief for ESC-2024. Identify order count, security scope, manual override reason, locate evidence gap, and fail-to-deliver check. cite visible material labels, compare the 83 orders to the escalation threshold, name required recipients, and do not state that the short sales were unlawful. Produce the short-sale compliance escalation brief under an audit-ready reconciliation posture: connect each final action to the active evidence and the governing rule, policy, task standard, or active-case trigger; keep active source labels beside the material facts, figures, thresholds, missing-evidence triggers, and decision points where they are used; for any calculation or reconciliation, show the source inputs, formula or comparison, result, and business implication; preserve exact source figures, dates, thresholds, names, and rule references when they control the decision; identify any active breach, exception, waiver need, deficiency, unresolved inconsistency, control gap, or non-compliance indicator rather than treating the workflow as cleared; write every percentage value, including percent or percentage-point values, with exactly two decimal places. Open the short-sale compliance escalation brief with a Markdown bold title on the first non-empty line. Near the end, include the exact handoff label Next action:; if the packet supports no next action, write Next action: none supported by the packet. Use at least four numbered list items in the 1. / 2. / 3. style for checks, blockers, steps, or required actions. Keep the full response between 220 and 520 words. Treat the layout as part of the requested finance work product, but do not omit required evidence, calculations, boundaries, or decisions just to satisfy presentation."
tonight_hard_line_275,Risk and Compliance Review,Regulatory issue escalation,275,DB4;DB9;EG1;EG2;EG5;QV2,DB4;DB9;EG1;EG2;EG5;FP3;FP4;FP6;QV2,0.0734,3,6,0,14.927,"Assemble a vendor-risk escalation packet for ESC-2021. Score each trigger as Met, Not met, or Unknown; cite visible material labels; compare notice delay and service outage to the 24-hour thresholds; identify required recipients; list missing forensic and notice-analysis facts; and do not state that data exfiltration occurred. Produce the vendor-risk escalation packet under an audit-ready compliance escalation posture: connect each final action to the active evidence and the governing rule, policy, task standard, or active-case trigger; keep active source labels beside the material facts, figures, thresholds, missing-evidence triggers, and decision points where they are used; for any calculation or reconciliation, show the source inputs, formula or comparison, result, and business implication; preserve exact source figures, dates, thresholds, names, and rule references when they control the decision; identify any active breach, exception, waiver need, deficiency, unresolved inconsistency, control gap, or non-compliance indicator rather than treating the workflow as cleared; write every percentage value, including percent or percentage-point values, with exactly two decimal places. Open the vendor-risk escalation packet with a Markdown bold title on the first non-empty line. Near the end, include the exact handoff label Next action:; if the packet supports no next action, write Next action: none supported by the packet. Keep the vendor-risk escalation packet to between four and nine non-empty paragraphs, counting any table or list as part of the paragraph where it appears. Treat the layout as part of the requested finance work product, but do not omit required evidence, calculations, boundaries, or decisions just to satisfy presentation."
tonight_hard_line_289,Risk and Compliance Review,Covenant check,289,DB4;DB9;EG1;EG2;EG5;QV2,DB4;DB9;EG1;EG2;EG5;FP2;FP3;FP4;FP6;QV2,0.0734,3,6,0,14.927,"Assess whether the Horizon Biofuels cross-default trigger is met. Organize the answer as Amount Test, Default Status, Acceleration Right, Open Evidence, and Escalation Recommendation. Use only the provided materials, compare the other debt amount with the $2.0 million threshold, identify what is confirmed versus still unverified, and do not state that acceleration has occurred unless the documents say so. Produce the cross-default trigger assessment under an audit-ready controller review posture: connect each final action to the active evidence and the governing rule, policy, task standard, or active-case trigger; keep active source labels beside the material facts, figures, thresholds, missing-evidence triggers, and decision points where they are used; for any calculation or reconciliation, show the source inputs, formula or comparison, result, and business implication; preserve exact source figures, dates, thresholds, names, and rule references when they control the decision; identify any active breach, exception, waiver need, deficiency, unresolved inconsistency, control gap, or non-compliance indicator rather than treating the workflow as cleared; write every percentage value, including percent or percentage-point values, with exactly two decimal places. Open the cross-default trigger assessment with a Markdown bold title on the first non-empty line. Near the end, include the exact handoff label Next action:; if the packet supports no next action, write Next action: none supported by the packet. Include at least two short Markdown blockquote lines beginning with > for source or rule excerpts that anchor the decision. Use at least eight complete sentences in the full response. Treat the layout as part of the requested finance work product, but do not omit required evidence, calculations, boundaries, or decisions just to satisfy presentation."
tonight_hard_line_009,Research and Due Diligence,Financial statement analysis,9,DB4;DB6;DB9;EG1;EG2;QV2,DB4;DB6;DB9;EG1;EG2;FP2;FP3;FP4;FP6;QV2,0.0875,3,6,0,14.913,"Build a covenant waiver evidence checklist for Granite Solar. Use rows for each covenant and separate rows for missing waiver evidence. Use only the documents, cite visible material labels, calculate net leverage and interest coverage, mark each covenant as Pass, Breach, or Cannot determine, list the missing consent/payment schedule/CFO certification evidence, and do not state that a waiver is granted. Produce the covenant waiver evidence checklist under an audit-ready controller review posture: connect each final action to the active evidence and the governing rule, policy, task standard, or active-case trigger; keep active source labels beside the material facts, figures, thresholds, missing-evidence triggers, and decision points where they are used; for any calculation or reconciliation, show the source inputs, formula or comparison, result, and business implication; identify any active breach, exception, waiver need, deficiency, unresolved inconsistency, control gap, or non-compliance indicator rather than treating the workflow as cleared; write every percentage value, including percent or percentage-point values, with exactly two decimal places. Open the covenant waiver evidence checklist with a Markdown bold title on the first non-empty line. Near the end, include the exact handoff label Next action:; if the packet supports no next action, write Next action: none supported by the packet. Include at least two short Markdown blockquote lines beginning with > for source or rule excerpts that anchor the decision. Use at least eight complete sentences in the full response. Treat the layout as part of the requested finance work product, but do not omit required evidence, calculations, boundaries, or decisions just to satisfy presentation."
tonight_hard_line_137,Research and Due Diligence,Financial statement analysis,137,DB4;DB6;DB9;EG1;EG2;QV2,DB4;DB6;DB9;EG1;EG2;FP1;FP3;FP4;FP6;QV2,0.0875,3,6,0,14.913,"Prepare a products/services mix benchmark for Nimbus Mobile using Apple as the comparable. Use one table and three bullets. Use only the context, cite visible material labels, calculate services revenue share and category gross margins for both companies, compute Nimbus Mobile services-share gap versus Apple, flag whether the mix-gap rule is triggered, and do not present Apple as the company being analyzed. Produce the products/services mix benchmark under an audit-ready controller review posture: connect each final action to the active evidence and the governing rule, policy, task standard, or active-case trigger; keep active source labels beside the material facts, figures, thresholds, missing-evidence triggers, and decision points where they are used; for any calculation or reconciliation, show the source inputs, formula or comparison, result, and business implication; identify any active breach, exception, waiver need, deficiency, unresolved inconsistency, control gap, or non-compliance indicator rather than treating the workflow as cleared; use only packet-supported category, status, classification, or risk-level labels; write every percentage value, including percent or percentage-point values, with exactly two decimal places. Open the products/services mix benchmark with a Markdown bold title on the first non-empty line. Near the end, include the exact handoff label Next action:; if the packet supports no next action, write Next action: none supported by the packet. Structure the products/services mix benchmark with at least three level-2 Markdown headings that start with ##. Treat the layout as part of the requested finance work product, but do not omit required evidence, calculations, boundaries, or decisions just to satisfy presentation."
tonight_hard_line_021,"Execution, Monitoring, Reporting, and Operations",Post-investment / post-loan review,21,DB1;DB9;EG1;EG2;EG5;QV2,DB1;DB9;EG1;EG2;EG5;FP2;FP3;FP4;FP6;QV2,0.1473,5,5,0,14.853,"Prepare a construction loan draw review for Lakeshore Mixed-Use LLC. Calculate maximum cumulative funding supported by inspector completion percentage, compare it with prior draws plus Draw 4, identify missing lien waiver evidence, and recommend Fund, Partial Fund, or Hold with the unsupported amount if any. Use only the provided documents and cite the visible material labels for material facts. Produce the construction loan draw review under an audit-ready disclosure-review posture: connect each final action to the active evidence and the governing rule, policy, task standard, or active-case trigger; keep active source labels beside the material facts, figures, thresholds, missing-evidence triggers, and decision points where they are used; for any calculation or reconciliation, show the source inputs, formula or comparison, result, and business implication; preserve exact source figures, dates, thresholds, names, and rule references when they control the decision; identify any active breach, exception, waiver need, deficiency, unresolved inconsistency, control gap, or non-compliance indicator rather than treating the workflow as cleared; write every percentage value, including percent or percentage-point values, with exactly two decimal places. Open the construction loan draw review with a Markdown bold title on the first non-empty line. Near the end, include the exact handoff label Next action:; if the packet supports no next action, write Next action: none supported by the packet. Include one Markdown table for the audit trail whose header contains the columns Evidence, Test, Result, and Action. Keep the full response between 180 and 430 words. Treat the layout as part of the requested finance work product, but do not omit required evidence, calculations, boundaries, or decisions just to satisfy presentation."
tonight_hard_line_124,Risk and Compliance Review,Regulatory issue escalation,124,DB4;DB9;EG1;EG2;EG5;FP1;QV2,DB4;DB9;EG1;EG2;EG5;FP1;FP2;FP3;FP4;FP6;QV2,0.2401,3,6,0,14.76,"Prepare an exam-finding escalation response outline for ESC-2016 with headings Finding summary, Client impact, Validation plan, Response deadline, Owner, and Open issues. cite visible material labels, decide whether CCO, CFO, and Legal escalation is required, preserve the June 15 2026 response deadline, identify validation gaps, and do not promise a final restitution amount. Produce the exam-finding escalation response outline under an audit-ready reconciliation posture: connect each final action to the active evidence and the governing rule, policy, task standard, or active-case trigger; keep active source labels beside the material facts, figures, thresholds, missing-evidence triggers, and decision points where they are used; for any calculation or reconciliation, show the source inputs, formula or comparison, result, and business implication; preserve exact source figures, dates, thresholds, names, and rule references when they control the decision; identify any active breach, exception, waiver need, deficiency, unresolved inconsistency, control gap, or non-compliance indicator rather than treating the workflow as cleared. Open the exam-finding escalation response outline with a Markdown bold title on the first non-empty line. Near the end, include the exact handoff label Next action:; if the packet supports no next action, write Next action: none supported by the packet. Include at least two short Markdown blockquote lines beginning with > for source or rule excerpts that anchor the decision. Use at least eight complete sentences in the full response. Treat the layout as part of the requested finance work product, but do not omit required evidence, calculations, boundaries, or decisions just to satisfy presentation."
tonight_hard_line_347,Decision and Structuring,Underwriting memo,347,DB9;EG1;EG2;EG5;QV2,DB9;EG1;EG2;EG5;FP1;FP3;FP4;FP6;QV2,0.0564,4,5,0,13.944,"Create a medical equipment underwriting condition memo for Cobalt Imaging. Verify advance rate against the 80% limit, compare useful life to lease tenor, compute DSCR, and decide whether the unsigned maintenance contract and missing insurance binder are credit exceptions or closing conditions. Use only the file materials and cite visible material labels beside each decision. Produce the medical equipment underwriting condition memo under an audit-ready compliance escalation posture: connect each final action to the active evidence and the governing rule, policy, task standard, or active-case trigger; keep active source labels beside the material facts, figures, thresholds, missing-evidence triggers, and decision points where they are used; for any calculation or reconciliation, show the source inputs, formula or comparison, result, and business implication; preserve exact source figures, dates, thresholds, names, and rule references when they control the decision; identify any active breach, exception, waiver need, deficiency, unresolved inconsistency, control gap, or non-compliance indicator rather than treating the workflow as cleared; write every percentage value, including percent or percentage-point values, with exactly two decimal places. Open the medical equipment underwriting condition memo with a Markdown bold title on the first non-empty line. Near the end, include the exact handoff label Next action:; if the packet supports no next action, write Next action: none supported by the packet. Structure the medical equipment underwriting condition memo with at least three level-2 Markdown headings that start with ##. Treat the layout as part of the requested finance work product, but do not omit required evidence, calculations, boundaries, or decisions just to satisfy presentation."
tonight_hard_line_106,Decision and Structuring,Trade order ticket preparation,106,DB6;DB9;EG1;EG2;QV2,DB6;DB9;EG1;EG2;FP2;FP3;FP4;FP6;QV2,0.0705,4,5,0,13.929,"Prepare the block allocation instruction ticket for the CLUT order. Show total block quantity, each account allocation, allocation rationale, and a reconciliation check that allocations sum to the 20,000-share block. If the allocations do not reconcile, classify the ticket as Allocation Exception; otherwise classify it as Ready for trader release. Produce the block allocation instruction ticket under an audit-ready credit committee posture: connect each final action to the active evidence and the governing rule, policy, task standard, or active-case trigger; keep active source labels beside the material facts, figures, thresholds, missing-evidence triggers, and decision points where they are used; for any calculation or reconciliation, show the source inputs, formula or comparison, result, and business implication; identify any active breach, exception, waiver need, deficiency, unresolved inconsistency, control gap, or non-compliance indicator rather than treating the workflow as cleared; use only packet-supported category, status, classification, or risk-level labels; write every percentage value, including percent or percentage-point values, with exactly two decimal places. Open the block allocation instruction ticket with a Markdown bold title on the first non-empty line. Near the end, include the exact handoff label Next action:; if the packet supports no next action, write Next action: none supported by the packet. Include one Markdown table for the audit trail whose header contains the columns Evidence, Test, Result, and Action. Keep the full response between 180 and 430 words. Treat the layout as part of the requested finance work product, but do not omit required evidence, calculations, boundaries, or decisions just to satisfy presentation."
tonight_hard_line_186,"Execution, Monitoring, Reporting, and Operations",Client review report,186,DB4;DB6;DB9;EG2;QV2,DB4;DB6;DB9;EG2;FP2;FP3;FP4;FP6;QV2,0.076,4,5,0,13.924,"Create an issuer concentration exception report for Oakline Dividend Strategy. Use a two-row table for market-value concentration and income concentration, compare Fairoaks Utilities with each stated limit, classify the exception status, include the monitoring action required by the workflow, compare month-to-date return with the benchmark, and avoid recommending an immediate sale if the ex-dividend blocker applies Frame the note for inclusion in a client review package. Produce the issuer concentration exception report under an audit-ready credit committee posture: connect each final action to the active evidence and the governing rule, policy, task standard, or active-case trigger; keep active source labels beside the material facts, figures, thresholds, missing-evidence triggers, and decision points where they are used; for any calculation or reconciliation, show the source inputs, formula or comparison, result, and business implication; identify any active breach, exception, waiver need, deficiency, unresolved inconsistency, control gap, or non-compliance indicator rather than treating the workflow as cleared; use only packet-supported category, status, classification, or risk-level labels; write every percentage value, including percent or percentage-point values, with exactly two decimal places. Open the issuer concentration exception report with a Markdown bold title on the first non-empty line. Near the end, include the exact handoff label Next action:; if the packet supports no next action, write Next action: none supported by the packet. Include one Markdown table for the audit trail whose header contains the columns Evidence, Test, Result, and Action. Keep the full response between 180 and 430 words. Treat the layout as part of the requested finance work product, but do not omit required evidence, calculations, boundaries, or decisions just to satisfy presentation."
tonight_hard_line_297,"Execution, Monitoring, Reporting, and Operations",Client review report,297,DB4;DB6;DB9;EG2;QV2,DB4;DB6;DB9;EG2;FP1;FP3;FP4;FP6;QV2,0.076,4,5,0,13.924,"Draft a restricted holding monitoring alert for Willow ESG Mandate. Identify each restricted issuer with nonzero exposure, show the exposure percentage and source, classify the exposure as Direct or Indirect, state whether Compliance escalation is required, compare portfolio return with the ESG benchmark, and do not suggest instructing the index manager to remove a security Frame the note for inclusion in a client review package. Produce the restricted holding monitoring alert under an audit-ready controller review posture: connect each final action to the active evidence and the governing rule, policy, task standard, or active-case trigger; keep active source labels beside the material facts, figures, thresholds, missing-evidence triggers, and decision points where they are used; for any calculation or reconciliation, show the source inputs, formula or comparison, result, and business implication; identify any active breach, exception, waiver need, deficiency, unresolved inconsistency, control gap, or non-compliance indicator rather than treating the workflow as cleared; use only packet-supported category, status, classification, or risk-level labels; write every percentage value, including percent or percentage-point values, with exactly two decimal places. Open the restricted holding monitoring alert with a Markdown bold title on the first non-empty line. Near the end, include the exact handoff label Next action:; if the packet supports no next action, write Next action: none supported by the packet. Structure the restricted holding monitoring alert with at least three level-2 Markdown headings that start with ##. Treat the layout as part of the requested finance work product, but do not omit required evidence, calculations, boundaries, or decisions just to satisfy presentation."
tonight_hard_line_267,"Execution, Monitoring, Reporting, and Operations",Month-end close / financial reporting support,267,DB4;DB7;DB9;EG1;EG2;EG5;QV2,DB4;DB7;DB9;EG1;EG2;EG5;FP1;FP4;FP6;QV2,0.0942,6,6,1,13.906,"Draft a late adjustment approval memo for Summit Media October 2026. Use only the provided documents and cite visible material labels. State the JE amount, account impact, reason, approvals obtained and missing, test the request against the LA-1 post-distribution threshold, and decide whether package reissue is permitted without saying it has been reissued. Produce the late adjustment approval memo under an audit-ready compliance escalation posture: connect each final action to the active evidence and the governing rule, policy, task standard, or active-case trigger; keep active source labels beside the material facts, figures, thresholds, missing-evidence triggers, and decision points where they are used; for any calculation or reconciliation, show the source inputs, formula or comparison, result, and business implication; preserve exact source figures, dates, thresholds, names, and rule references when they control the decision; name any required approver, authority evidence, authorization, or review prerequisite that controls the outcome. Open the late adjustment approval memo with a Markdown bold title on the first non-empty line. Near the end, include the exact handoff label Next action:; if the packet supports no next action, write Next action: none supported by the packet. Structure the late adjustment approval memo with at least three level-2 Markdown headings that start with ##. Treat the layout as part of the requested finance work product, but do not omit required evidence, calculations, boundaries, or decisions just to satisfy presentation."
tonight_hard_line_165,Decision and Structuring,Trade order ticket preparation,165,DB1;DB4;DB9;EG2;EG5;QV2,DB1;DB4;DB9;EG2;EG5;FP3;FP4;FP6;QV2,0.1528,4,5,0,13.847,"Prepare a tax-lot sale ticket for the OCWR instruction. Verify whether the 2023-03-14 lot contains enough shares for the requested 100-share sale, classify the ticket as Ready or Lot Clarification Hold, show the lot evidence, preserve the client-specified limit price and day TIF, and do not automatically use another tax lot. Produce the tax-lot sale ticket under an audit-ready disclosure-review posture: connect each final action to the active evidence and the governing rule, policy, task standard, or active-case trigger; keep active source labels beside the material facts, figures, thresholds, missing-evidence triggers, and decision points where they are used; for any calculation or reconciliation, show the source inputs, formula or comparison, result, and business implication; preserve exact source figures, dates, thresholds, names, and rule references when they control the decision; identify any active breach, exception, waiver need, deficiency, unresolved inconsistency, control gap, or non-compliance indicator rather than treating the workflow as cleared; write every percentage value, including percent or percentage-point values, with exactly two decimal places. Open the tax-lot sale ticket with a Markdown bold title on the first non-empty line. Near the end, include the exact handoff label Next action:; if the packet supports no next action, write Next action: none supported by the packet. Keep the tax-lot sale ticket to between four and nine non-empty paragraphs, counting any table or list as part of the paragraph where it appears. Treat the layout as part of the requested finance work product, but do not omit required evidence, calculations, boundaries, or decisions just to satisfy presentation."
tonight_hard_line_201,Intake and Profiling,Loan application intake,201,DB1;DB4;DB7;DB9;EG1;EG2;EG5;QV2,DB1;DB4;DB7;DB9;EG1;EG2;EG5;FP2;FP3;FP4;FP6;QV2,0.1851,6,6,1,13.815,"Prepare a proceed-to-underwriting readiness memo for Meridian Cold Storage LLC. Use only the provided context and cite visible material labels for the readiness factors. State whether the file goes to standard underwriting, Credit Review, or intake hold; compute DSCR; explain whether interim financials are required under the 120-day rule; and do not approve or decline the loan. Produce the proceed-to-underwriting readiness memo under an audit-ready controller review posture: connect each final action to the active evidence and the governing rule, policy, task standard, or active-case trigger; keep active source labels beside the material facts, figures, thresholds, missing-evidence triggers, and decision points where they are used; for any calculation or reconciliation, show the source inputs, formula or comparison, result, and business implication; preserve exact source figures, dates, thresholds, names, and rule references when they control the decision; name any required approver, authority evidence, authorization, or review prerequisite that controls the outcome; write every percentage value, including percent or percentage-point values, with exactly two decimal places. Open the proceed-to-underwriting readiness memo with a Markdown bold title on the first non-empty line. Near the end, include the exact handoff label Next action:; if the packet supports no next action, write Next action: none supported by the packet. Include one Markdown table for the audit trail whose header contains the columns Evidence, Test, Result, and Action. Keep the full response between 180 and 430 words. Treat the layout as part of the requested finance work product, but do not omit required evidence, calculations, boundaries, or decisions just to satisfy presentation."
tonight_hard_line_002,Decision and Structuring,Underwriting memo,2,DB4;DB9;EG1;EG2;QV2;QV7,DB4;DB9;EG1;EG2;FP1;FP3;FP4;FP6;QV2;QV7,0.3863,4,5,0,13.614,"Draft a red-flag underwriting memo for NorthLoop data center. Calculate base and cost-overrun DSCR, flag single-offtaker concentration, identify the delayed grid interconnection study as open diligence, and provide one mitigant tied to escrowed sponsor equity. Use only the documents, cite sources, and do not infer that grid work is complete. Produce the data center project underwriting red-flag memo under an audit-ready credit committee posture: connect each final action to the active evidence and the governing rule, policy, task standard, or active-case trigger; keep active source labels beside the material facts, figures, thresholds, missing-evidence triggers, and decision points where they are used; for any calculation or reconciliation, show the source inputs, formula or comparison, result, and business implication; for any stress, sensitivity, shock, downside, or scenario test, keep the assumption, horizon, source inputs, formula or comparison, and final result tied together; write every percentage value, including percent or percentage-point values, with exactly two decimal places. Open the data center project underwriting red-flag memo with a Markdown bold title on the first non-empty line. Near the end, include the exact handoff label Next action:; if the packet supports no next action, write Next action: none supported by the packet. Structure the data center project underwriting red-flag memo with at least three level-2 Markdown headings that start with ##. Treat the layout as part of the requested finance work product, but do not omit required evidence, calculations, boundaries, or decisions just to satisfy presentation."
tonight_hard_line_076,Intake and Profiling,Loan application intake,76,DB4;DB7;DB9;EG1;EG2;EG5;QV2;RC4,DB4;DB7;DB9;EG1;EG2;EG5;FP2;FP3;FP4;FP6;QV2;RC4,0.4276,6,6,1,13.572,"Draft a stale-financials intake hold note for Northlake Fitness LLC. Use only the provided context and cite visible material labels. Apply the 120-day financial-statement rule, state whether DSCR can be computed from the packet, identify leasehold-improvement evidence still missing, and list the exact items needed to clear the hold. Do not estimate EBITDA or approve credit. Produce the stale-financials intake hold note under an audit-ready reconciliation posture: connect each final action to the active evidence and the governing rule, policy, task standard, or active-case trigger; keep active source labels beside the material facts, figures, thresholds, missing-evidence triggers, and decision points where they are used; for any calculation or reconciliation, show the source inputs, formula or comparison, result, and business implication; preserve exact source figures, dates, thresholds, names, and rule references when they control the decision; name any required approver, authority evidence, authorization, or review prerequisite that controls the outcome; write every percentage value, including percent or percentage-point values, with exactly two decimal places. Open the stale-financials intake hold note with a Markdown bold title on the first non-empty line. Near the end, include the exact handoff label Next action:; if the packet supports no next action, write Next action: none supported by the packet. Include one Markdown table for the audit trail whose header contains the columns Evidence, Test, Result, and Action. Keep the full response between 180 and 430 words. Treat the layout as part of the requested finance work product, but do not omit required evidence, calculations, boundaries, or decisions just to satisfy presentation."
tonight_hard_line_067,"Execution, Monitoring, Reporting, and Operations",Reconciliation,67,DB4;DB7;DB9;EG1;EG2;EG5;QV2,DB4;DB7;DB9;EG1;EG2;EG5;FP1;FP3;FP4;FP6;QV2,0.0942,5,6,1,12.906,"Build a cash ledger break table for Oakline Treasury Sweep. Start from the bank statement and internal cash ledger balances, subtract only the documented deposit in transit, compute the adjusted cash variance, apply the $100 open-break threshold, assign the owner, include an aging bucket, and list the records that must remain traceable. Use only the provided materials and do not mark the item reconciled if the adjusted break remains above threshold. Produce the cash ledger break table under an audit-ready compliance escalation posture: connect each final action to the active evidence and the governing rule, policy, task standard, or active-case trigger; keep active source labels beside the material facts, figures, thresholds, missing-evidence triggers, and decision points where they are used; for any calculation or reconciliation, show the source inputs, formula or comparison, result, and business implication; preserve exact source figures, dates, thresholds, names, and rule references when they control the decision; name any required approver, authority evidence, authorization, or review prerequisite that controls the outcome; write every percentage value, including percent or percentage-point values, with exactly two decimal places. Open the cash ledger break table with a Markdown bold title on the first non-empty line. Near the end, include the exact handoff label Next action:; if the packet supports no next action, write Next action: none supported by the packet. Structure the cash ledger break table with at least three level-2 Markdown headings that start with ##. Treat the layout as part of the requested finance work product, but do not omit required evidence, calculations, boundaries, or decisions just to satisfy presentation."
tonight_hard_line_018,Decision and Structuring,Loan approval package,18,DB2;DB6;DB9;EG1;EG2;QV2,DB2;DB6;DB9;EG1;EG2;FP2;FP3;FP4;FP6;QV2,0.1705,3,5,0,12.829,"Build an approval package readiness checklist for Harbor Kitchen Supply LLC. Use only the provided documents and cite visible material labels in the Evidence Present column. Format the answer as a table with Package Area, Evidence Present, Gap or Condition, Owner, and Readiness Status columns. Reconcile the sources-and-uses line items to the reported total, classify the package as Ready, Conditional, or Not Ready, and identify the required approval authority. Do not classify the package as Ready if any required evidence is missing or the totals fail to reconcile. Produce the approval package readiness checklist under an audit-ready credit committee posture: connect each final action to the active evidence and the governing rule, policy, task standard, or active-case trigger; keep active source labels beside the material facts, figures, thresholds, missing-evidence triggers, and decision points where they are used; for any calculation or reconciliation, show the source inputs, formula or comparison, result, and business implication; identify any active breach, exception, waiver need, deficiency, unresolved inconsistency, control gap, or non-compliance indicator rather than treating the workflow as cleared; use only packet-supported category, status, classification, or risk-level labels. Open the approval package readiness checklist with a Markdown bold title on the first non-empty line. Near the end, include the exact handoff label Next action:; if the packet supports no next action, write Next action: none supported by the packet. Use at least four numbered list items in the 1. / 2. / 3. style for checks, blockers, steps, or required actions. Keep the full response between 220 and 520 words. Treat the layout as part of the requested finance work product, but do not omit required evidence, calculations, boundaries, or decisions just to satisfy presentation."
tonight_hard_line_320,Intake and Profiling,Service scope explanation,320,DB2;DB4;DB6;DB7;DB9;EG1;EG2;QV2,DB2;DB4;DB6;DB7;DB9;EG1;EG2;FP3;FP4;FP6;QV2,0.2083,5,6,1,12.792,"Draft a client-facing missing-document request for Ellis Road Builders LLC. Use only the context. Group the request by Application, Owner information, Financial records, and Borrowing authority. Include a one-sentence scope explanation that underwriting cannot start until required intake categories are complete. Do not evaluate debt capacity or approve the requested amount. Produce the client-facing missing-document request under an audit-ready adversarial audit posture: connect each final action to the active evidence and the governing rule, policy, task standard, or active-case trigger; keep active source labels beside the material facts, figures, thresholds, missing-evidence triggers, and decision points where they are used; for any calculation or reconciliation, show the source inputs, formula or comparison, result, and business implication; use only packet-supported category, status, classification, or risk-level labels; name any required approver, authority evidence, authorization, or review prerequisite that controls the outcome; write every percentage value, including percent or percentage-point values, with exactly two decimal places. Open the client-facing missing-document request with a Markdown bold title on the first non-empty line. Near the end, include the exact handoff label Next action:; if the packet supports no next action, write Next action: none supported by the packet. Keep the client-facing missing-document request to between four and nine non-empty paragraphs, counting any table or list as part of the paragraph where it appears. Treat the layout as part of the requested finance work product, but do not omit required evidence, calculations, boundaries, or decisions just to satisfy presentation."
tonight_hard_line_047,Risk and Compliance Review,Stress testing,47,DB4;DB9;EG1;EG2;EG3;EG5;QV1;QV2,DB4;DB9;EG1;EG2;EG3;EG5;FP1;FP3;FP4;FP6;QV1;QV2,0.331,5,6,1,12.669,"Prepare a client liquidity stress note for STR-915. Calculate stressed margin requirement by account sleeve, subtract only eligible liquid resources of $5,600,000, show any liquidity shortfall, compare the shortfall with the $1,200,000 same-day escalation threshold, and state next steps without promising that the broker will waive margin. Produce the margin-call liquidity stress under an audit-ready operations handoff posture: connect each final action to the active evidence and the governing rule, policy, task standard, or active-case trigger; keep active source labels beside the material facts, figures, thresholds, missing-evidence triggers, and decision points where they are used; for any calculation or reconciliation, show the source inputs, formula or comparison, result, and business implication; separate source-stated facts from reviewer inferences, assumptions, customer statements, or management assertions; preserve exact source figures, dates, thresholds, names, and rule references when they control the decision; write every percentage value, including percent or percentage-point values, with exactly two decimal places. Open the margin-call liquidity stress with a Markdown bold title on the first non-empty line. Near the end, include the exact handoff label Next action:; if the packet supports no next action, write Next action: none supported by the packet. Structure the margin-call liquidity stress with at least three level-2 Markdown headings that start with ##. Treat the layout as part of the requested finance work product, but do not omit required evidence, calculations, boundaries, or decisions just to satisfy presentation."
tonight_hard_line_356,Research and Due Diligence,Investment due diligence,356,DB4;DB5;DB6;DB9;EG1;EG2;QV2,DB4;DB5;DB6;DB9;EG1;EG2;FP2;FP3;FP4;FP6;QV2,0.3375,1,6,0,12.663,"Produce a diligence closeout decision grid for Atlas Senior Living. Use only the supplied documents, cite visible material labels, and classify each closeout item as Closed, Open, Disputed, or Waiver required. Include audited financials, quality-of-earnings add-back dispute, facility license renewals, employee litigation schedule, insurance certificate, and lender consent. Calculate disputed add-back as a percentage of base-case EBITDA before the add-back, identify the missing licenses and pending lender consent as closing blockers, and do not state that diligence is complete while blockers remain. Produce the diligence closeout decision grid under an audit-ready reconciliation posture: connect each final action to the active evidence and the governing rule, policy, task standard, or active-case trigger; keep active source labels beside the material facts, figures, thresholds, missing-evidence triggers, and decision points where they are used; for any calculation or reconciliation, show the source inputs, formula or comparison, result, and business implication; identify any active breach, exception, waiver need, deficiency, unresolved inconsistency, control gap, or non-compliance indicator rather than treating the workflow as cleared; use only packet-supported category, status, classification, or risk-level labels; write every percentage value, including percent or percentage-point values, with exactly two decimal places. Open the diligence closeout decision grid with a Markdown bold title on the first non-empty line. Near the end, include the exact handoff label Next action:; if the packet supports no next action, write Next action: none supported by the packet. Include one Markdown table for the audit trail whose header contains the columns Evidence, Test, Result, and Action. Keep the full response between 180 and 430 words. Treat the layout as part of the requested finance work product, but do not omit required evidence, calculations, boundaries, or decisions just to satisfy presentation."
tonight_hard_line_302,Research and Due Diligence,Credit due diligence,302,DB9;EG1;EG2;QV2,DB9;EG1;EG2;FP1;FP4;FP6;QV2,0.036,4,4,0,11.964,"Assemble a covenant diligence input pack for Redwood Patio Products Co. Output a table with covenant, source evidence, current test result, exception status, and follow-up evidence. Use only the context, cite visible material labels, calculate funded-debt-to-EBITDA, test the liquidity covenant, identify any covenant already out of compliance, and include delivery timing requirements for reporting covenants. Produce the covenant diligence input pack under an audit-ready diligence challenge posture: connect each final action to the active evidence and the governing rule, policy, task standard, or active-case trigger; keep active source labels beside the material facts, figures, thresholds, missing-evidence triggers, and decision points where they are used; for any calculation or reconciliation, show the source inputs, formula or comparison, result, and business implication; identify any active breach, exception, waiver need, deficiency, unresolved inconsistency, control gap, or non-compliance indicator rather than treating the workflow as cleared. Open the covenant diligence input pack with a Markdown bold title on the first non-empty line. Near the end, include the exact handoff label Next action:; if the packet supports no next action, write Next action: none supported by the packet. Structure the covenant diligence input pack with at least three level-2 Markdown headings that start with ##. Treat the layout as part of the requested finance work product, but do not omit required evidence, calculations, boundaries, or decisions just to satisfy presentation."
tonight_hard_line_332,Intake and Profiling,Loan application intake,332,DB4;DB7;DB9;EG1;EG2;QV2,DB4;DB7;DB9;EG1;EG2;FP1;FP3;FP4;FP6;QV2,0.0738,6,5,1,11.926,"Prepare an inventory collateral intake review for Vista Outdoor Goods LLC. Use only the provided context and cite visible material labels. Compute preliminary eligible documented inventory and 50 percent advance support using the policy, compare it with the requested amount, identify missing inventory aging, valuation, location, lien, and insurance evidence, and do not set a borrowing base or approve credit. Produce the inventory collateral intake review under an audit-ready reconciliation posture: connect each final action to the active evidence and the governing rule, policy, task standard, or active-case trigger; keep active source labels beside the material facts, figures, thresholds, missing-evidence triggers, and decision points where they are used; for any calculation or reconciliation, show the source inputs, formula or comparison, result, and business implication; identify any active breach, exception, waiver need, deficiency, unresolved inconsistency, control gap, or non-compliance indicator rather than treating the workflow as cleared; name any required approver, authority evidence, authorization, or review prerequisite that controls the outcome; write every percentage value, including percent or percentage-point values, with exactly two decimal places. Open the inventory collateral intake review with a Markdown bold title on the first non-empty line. Near the end, include the exact handoff label Next action:; if the packet supports no next action, write Next action: none supported by the packet. Structure the inventory collateral intake review with at least three level-2 Markdown headings that start with ##. Treat the layout as part of the requested finance work product, but do not omit required evidence, calculations, boundaries, or decisions just to satisfy presentation."
tonight_hard_line_038,Intake and Profiling,Counterparty / issuer profile construction,38,DB4;DB7;DB9;EG1;EG2;QV2,DB4;DB7;DB9;EG1;EG2;FP2;FP3;FP4;FP6;QV2,0.0738,6,5,1,11.926,"Build a green bond issuer use-of-proceeds profile for Prairie Loop Transit Authority relying only on the context. Summarize project categories, allocation amounts, unallocated proceeds, governance, reporting commitment, external review status, and missing evidence. Calculate unallocated proceeds percentage, flag green-bond intake concerns from the standard, cite visible material labels for concerns, and do not call the bond green-certified unless external review evidence is supplied. Produce the green bond issuer use-of-proceeds profile under an audit-ready diligence challenge posture: connect each final action to the active evidence and the governing rule, policy, task standard, or active-case trigger; keep active source labels beside the material facts, figures, thresholds, missing-evidence triggers, and decision points where they are used; for any calculation or reconciliation, show the source inputs, formula or comparison, result, and business implication; name any required approver, authority evidence, authorization, or review prerequisite that controls the outcome; write every percentage value, including percent or percentage-point values, with exactly two decimal places. Open the green bond issuer use-of-proceeds profile with a Markdown bold title on the first non-empty line. Near the end, include the exact handoff label Next action:; if the packet supports no next action, write Next action: none supported by the packet. Use at least four numbered list items in the 1. / 2. / 3. style for checks, blockers, steps, or required actions. Keep the full response between 220 and 520 words. Treat the layout as part of the requested finance work product, but do not omit required evidence, calculations, boundaries, or decisions just to satisfy presentation."
tonight_hard_line_066,Research and Due Diligence,Background screening,66,DB4;DB7;DB9;EG1;EG2;QV2,DB4;DB7;DB9;EG1;EG2;FP2;FP3;FP4;FP6;QV2,0.0738,6,5,1,11.926,"Complete a role-level background clearance table for Slateford Consumer Lending. Assign Clear, Review, or Escalate to every scoped subject, include a one-sentence rationale and visible material label citations for each status, flag whether the nonprofit authority role requires Compliance review, and do not treat former-employer issues as individual findings. Produce the role-level background clearance table under an audit-ready credit committee posture: connect each final action to the active evidence and the governing rule, policy, task standard, or active-case trigger; keep active source labels beside the material facts, figures, thresholds, missing-evidence triggers, and decision points where they are used; for any calculation or reconciliation, show the source inputs, formula or comparison, result, and business implication; name any required approver, authority evidence, authorization, or review prerequisite that controls the outcome; write every percentage value, including percent or percentage-point values, with exactly two decimal places. Open the role-level background clearance table with a Markdown bold title on the first non-empty line. Near the end, include the exact handoff label Next action:; if the packet supports no next action, write Next action: none supported by the packet. Include one Markdown table for the audit trail whose header contains the columns Evidence, Test, Result, and Action. Keep the full response between 180 and 430 words. Treat the layout as part of the requested finance work product, but do not omit required evidence, calculations, boundaries, or decisions just to satisfy presentation."
tonight_hard_line_070,Research and Due Diligence,Credit due diligence,70,DB2;DB6;DB9;EG2;QV2,DB2;DB6;DB9;EG2;FP3;FP4;FP6;QV2,0.159,4,4,0,11.841,"Complete a lien and title evidence checklist for Canyon Ridge Dental Properties. Use the status labels clear, exception, missing, or not applicable. Base the answer only on the documents, cite visible material labels, calculate LTV, identify whether a collateral hold is required, and specify the evidence needed to clear title, lien, environmental, insurance, lease, and tax items. Produce the lien and title evidence checklist under an audit-ready diligence challenge posture: connect each final action to the active evidence and the governing rule, policy, task standard, or active-case trigger; keep active source labels beside the material facts, figures, thresholds, missing-evidence triggers, and decision points where they are used; for any calculation or reconciliation, show the source inputs, formula or comparison, result, and business implication; identify any active breach, exception, waiver need, deficiency, unresolved inconsistency, control gap, or non-compliance indicator rather than treating the workflow as cleared; use only packet-supported category, status, classification, or risk-level labels; write every percentage value, including percent or percentage-point values, with exactly two decimal places. Open the lien and title evidence checklist with a Markdown bold title on the first non-empty line. Near the end, include the exact handoff label Next action:; if the packet supports no next action, write Next action: none supported by the packet. Keep the lien and title evidence checklist to between four and nine non-empty paragraphs, counting any table or list as part of the paragraph where it appears. Treat the layout as part of the requested finance work product, but do not omit required evidence, calculations, boundaries, or decisions just to satisfy presentation."
